time,step,current,voltage,chgAh,disAh
54158,1,0.0,3.5029,0.0,0.0
54168,1,0.0,3.5029,0.0,0.0
54178,1,0.0,3.5029,0.0,0.0
54188,1,0.0,3.5029,0.0,0.0
54198,1,0.0,3.5029,0.0,0.0
54208,1,0.0,3.5029,0.0,0.0
54218,1,0.0,3.5029,0.0,0.0
54228,1,0.0,3.5029,0.0,0.0
54238,1,0.0,3.5029,0.0,0.0
54248,1,0.0,3.5032,0.0,0.0
54258,1,0.0,3.5032,0.0,0.0
54268,1,0.0,3.5032,0.0,0.0
54278,1,0.0,3.5032,0.0,0.0
54288,1,0.0,3.5032,0.0,0.0
54298,1,0.0,3.5032,0.0,0.0
54308,1,0.0,3.5032,0.0,0.0
54318,1,0.0,3.5029,0.0,0.0
54328,1,0.0,3.5032,0.0,0.0
54338,1,0.0,3.5032,0.0,0.0
54348,1,0.0,3.5032,0.0,0.0
54358,1,0.0,3.5032,0.0,0.0
54368,1,0.0,3.5032,0.0,0.0
54378,1,0.0,3.5032,0.0,0.0
54388,1,0.0,3.5032,0.0,0.0
54398,1,0.0,3.5032,0.0,0.0
54408,1,0.0,3.5032,0.0,0.0
54418,1,0.0,3.5032,0.0,0.0
54428,1,0.0,3.5032,0.0,0.0
54438,1,0.0,3.5032,0.0,0.0
54448,1,0.0,3.5032,0.0,0.0
54458,1,0.0,3.5032,0.0,0.0
54468,1,0.0,3.5032,0.0,0.0
54478,1,0.0,3.5035,0.0,0.0
54488,1,0.0,3.5032,0.0,0.0
54498,1,0.0,3.5032,0.0,0.0
54508,1,0.0,3.5032,0.0,0.0
54518,1,0.0,3.5032,0.0,0.0
54528,1,0.0,3.5035,0.0,0.0
54538,1,0.0,3.5035,0.0,0.0
54548,1,0.0,3.5035,0.0,0.0
54558,1,0.0,3.5035,0.0,0.0
54568,1,0.0,3.5032,0.0,0.0
54578,1,0.0,3.5035,0.0,0.0
54588,1,0.0,3.5032,0.0,0.0
54598,1,0.0,3.5035,0.0,0.0
54608,1,0.0,3.5035,0.0,0.0
54618,1,0.0,3.5035,0.0,0.0
54628,1,0.0,3.5035,0.0,0.0
54638,1,0.0,3.5035,0.0,0.0
54648,1,0.0,3.5035,0.0,0.0
54658,1,0.0,3.5035,0.0,0.0
54668,1,0.0,3.5035,0.0,0.0
54678,1,0.0,3.5035,0.0,0.0
54688,1,0.0,3.5035,0.0,0.0
54698,1,0.0,3.5035,0.0,0.0
54708,1,0.0,3.5035,0.0,0.0
54718,1,0.0,3.5035,0.0,0.0
54728,1,0.0,3.5035,0.0,0.0
54738,1,0.0,3.5035,0.0,0.0
54748,1,0.0,3.5035,0.0,0.0
54758,1,0.0,3.5035,0.0,0.0
54768,1,0.0,3.5035,0.0,0.0
54778,1,0.0,3.5035,0.0,0.0
54788,1,0.0,3.5035,0.0,0.0
54798,1,0.0,3.5035,0.0,0.0
54808,1,0.0,3.5035,0.0,0.0
54818,1,0.0,3.5035,0.0,0.0
54828,1,0.0,3.5035,0.0,0.0
54838,1,0.0,3.5035,0.0,0.0
54848,1,0.0,3.5035,0.0,0.0
54858,1,0.0,3.5038,0.0,0.0
54868,1,0.0,3.5038,0.0,0.0
54878,1,0.0,3.5035,0.0,0.0
54888,1,0.0,3.5038,0.0,0.0
54898,1,0.0,3.5038,0.0,0.0
54908,1,0.0,3.5035,0.0,0.0
54918,1,0.0,3.5038,0.0,0.0
54928,1,0.0,3.5038,0.0,0.0
54938,1,0.0,3.5038,0.0,0.0
54948,1,0.0,3.5038,0.0,0.0
54958,1,0.0,3.5038,0.0,0.0
54968,1,0.0,3.5038,0.0,0.0
54978,1,0.0,3.5038,0.0,0.0
54988,1,0.0,3.5038,0.0,0.0
54998,1,0.0,3.5038,0.0,0.0
55008,1,0.0,3.5038,0.0,0.0
55018,1,0.0,3.5038,0.0,0.0
55028,1,0.0,3.5038,0.0,0.0
55038,1,0.0,3.5038,0.0,0.0
55048,1,0.0,3.5038,0.0,0.0
55058,1,0.0,3.5038,0.0,0.0
55068,1,0.0,3.5038,0.0,0.0
55078,1,0.0,3.5038,0.0,0.0
55088,1,0.0,3.5038,0.0,0.0
55098,1,0.0,3.5038,0.0,0.0
55108,1,0.0,3.5038,0.0,0.0
55118,1,0.0,3.5038,0.0,0.0
55128,1,0.0,3.5038,0.0,0.0
55138,1,0.0,3.5038,0.0,0.0
55148,1,0.0,3.5038,0.0,0.0
55158,1,0.0,3.5038,0.0,0.0
55168,1,0.0,3.5038,0.0,0.0
55178,1,0.0,3.5041,0.0,0.0
55188,1,0.0,3.5038,0.0,0.0
55198,1,0.0,3.5038,0.0,0.0
55208,1,0.0,3.5038,0.0,0.0
55218,1,0.0,3.5041,0.0,0.0
55228,1,0.0,3.5041,0.0,0.0
55238,1,0.0,3.5038,0.0,0.0
55248,1,0.0,3.5041,0.0,0.0
55258,1,0.0,3.5041,0.0,0.0
55268,1,0.0,3.5041,0.0,0.0
55278,1,0.0,3.5041,0.0,0.0
55288,1,0.0,3.5041,0.0,0.0
55298,1,0.0,3.5041,0.0,0.0
55308,1,0.0,3.5041,0.0,0.0
55318,1,0.0,3.5041,0.0,0.0
55328,1,0.0,3.5041,0.0,0.0
55338,1,0.0,3.5041,0.0,0.0
55348,1,0.0,3.5041,0.0,0.0
55358,1,0.0,3.5041,0.0,0.0
55368,1,0.0,3.5041,0.0,0.0
55378,1,0.0,3.5041,0.0,0.0
55388,1,0.0,3.5041,0.0,0.0
55398,1,0.0,3.5041,0.0,0.0
55408,1,0.0,3.5041,0.0,0.0
55418,1,0.0,3.5041,0.0,0.0
55428,1,0.0,3.5041,0.0,0.0
55438,1,0.0,3.5041,0.0,0.0
55448,1,0.0,3.5041,0.0,0.0
55458,1,0.0,3.5041,0.0,0.0
55468,1,0.0,3.5041,0.0,0.0
55478,1,0.0,3.5041,0.0,0.0
55488,1,0.0,3.5041,0.0,0.0
55498,1,0.0,3.5041,0.0,0.0
55508,1,0.0,3.5041,0.0,0.0
55518,1,0.0,3.5041,0.0,0.0
55528,1,0.0,3.5041,0.0,0.0
55538,1,0.0,3.5041,0.0,0.0
55548,1,0.0,3.5041,0.0,0.0
55558,1,0.0,3.5044,0.0,0.0
55568,1,0.0,3.5041,0.0,0.0
55578,1,0.0,3.5044,0.0,0.0
55588,1,0.0,3.5041,0.0,0.0
55598,1,0.0,3.5044,0.0,0.0
55608,1,0.0,3.5044,0.0,0.0
55618,1,0.0,3.5041,0.0,0.0
55628,1,0.0,3.5041,0.0,0.0
55638,1,0.0,3.5044,0.0,0.0
55648,1,0.0,3.5044,0.0,0.0
55658,1,0.0,3.5044,0.0,0.0
55668,1,0.0,3.5044,0.0,0.0
55678,1,0.0,3.5044,0.0,0.0
55688,1,0.0,3.5044,0.0,0.0
55698,1,0.0,3.5044,0.0,0.0
55708,1,0.0,3.5044,0.0,0.0
55718,1,0.0,3.5041,0.0,0.0
55728,1,0.0,3.5044,0.0,0.0
55738,1,0.0,3.5044,0.0,0.0
55748,1,0.0,3.5044,0.0,0.0
55758,1,0.0,3.5044,0.0,0.0
55768,1,0.0,3.5044,0.0,0.0
55778,1,0.0,3.5044,0.0,0.0
55788,1,0.0,3.5044,0.0,0.0
55798,1,0.0,3.5044,0.0,0.0
55808,1,0.0,3.5044,0.0,0.0
55818,1,0.0,3.5044,0.0,0.0
55828,1,0.0,3.5044,0.0,0.0
55838,1,0.0,3.5044,0.0,0.0
55848,1,0.0,3.5044,0.0,0.0
55858,1,0.0,3.5044,0.0,0.0
55868,1,0.0,3.5044,0.0,0.0
55878,1,0.0,3.5044,0.0,0.0
55888,1,0.0,3.5044,0.0,0.0
55898,1,0.0,3.5044,0.0,0.0
55908,1,0.0,3.5044,0.0,0.0
55918,1,0.0,3.5044,0.0,0.0
55928,1,0.0,3.5044,0.0,0.0
55938,1,0.0,3.5044,0.0,0.0
55948,1,0.0,3.5044,0.0,0.0
55958,1,0.0,3.5044,0.0,0.0
55968,1,0.0,3.5047,0.0,0.0
55978,1,0.0,3.5044,0.0,0.0
55988,1,0.0,3.5047,0.0,0.0
55998,1,0.0,3.5047,0.0,0.0
56008,1,0.0,3.5044,0.0,0.0
56018,1,0.0,3.5047,0.0,0.0
56028,1,0.0,3.5044,0.0,0.0
56038,1,0.0,3.5047,0.0,0.0
56048,1,0.0,3.5044,0.0,0.0
56058,1,0.0,3.5044,0.0,0.0
56068,1,0.0,3.5044,0.0,0.0
56078,1,0.0,3.5044,0.0,0.0
56088,1,0.0,3.5044,0.0,0.0
56098,1,0.0,3.5044,0.0,0.0
56108,1,0.0,3.5047,0.0,0.0
56118,1,0.0,3.5047,0.0,0.0
56128,1,0.0,3.5047,0.0,0.0
56138,1,0.0,3.5044,0.0,0.0
56148,1,0.0,3.5047,0.0,0.0
56158,1,0.0,3.5047,0.0,0.0
56168,1,0.0,3.5047,0.0,0.0
56178,1,0.0,3.5047,0.0,0.0
56188,1,0.0,3.5047,0.0,0.0
56198,1,0.0,3.5047,0.0,0.0
56208,1,0.0,3.5047,0.0,0.0
56218,1,0.0,3.5047,0.0,0.0
56228,1,0.0,3.5047,0.0,0.0
56238,1,0.0,3.5047,0.0,0.0
56248,1,0.0,3.5047,0.0,0.0
56258,1,0.0,3.5047,0.0,0.0
56268,1,0.0,3.5047,0.0,0.0
56278,1,0.0,3.5047,0.0,0.0
56288,1,0.0,3.5047,0.0,0.0
56298,1,0.0,3.5047,0.0,0.0
56308,1,0.0,3.5047,0.0,0.0
56318,1,0.0,3.5047,0.0,0.0
56328,1,0.0,3.5047,0.0,0.0
56338,1,0.0,3.5047,0.0,0.0
56348,1,0.0,3.5047,0.0,0.0
56358,1,0.0,3.5047,0.0,0.0
56368,1,0.0,3.5047,0.0,0.0
56378,1,0.0,3.5047,0.0,0.0
56388,1,0.0,3.5047,0.0,0.0
56398,1,0.0,3.5047,0.0,0.0
56408,1,0.0,3.5047,0.0,0.0
56418,1,0.0,3.5047,0.0,0.0
56428,1,0.0,3.5047,0.0,0.0
56438,1,0.0,3.5047,0.0,0.0
56448,1,0.0,3.5047,0.0,0.0
56458,1,0.0,3.5047,0.0,0.0
56468,1,0.0,3.5047,0.0,0.0
56478,1,0.0,3.5047,0.0,0.0
56488,1,0.0,3.5047,0.0,0.0
56498,1,0.0,3.5047,0.0,0.0
56508,1,0.0,3.5047,0.0,0.0
56518,1,0.0,3.5047,0.0,0.0
56528,1,0.0,3.5047,0.0,0.0
56538,1,0.0,3.5047,0.0,0.0
56548,1,0.0,3.5047,0.0,0.0
56558,1,0.0,3.505,0.0,0.0
56568,1,0.0,3.5047,0.0,0.0
56578,1,0.0,3.505,0.0,0.0
56588,1,0.0,3.505,0.0,0.0
56598,1,0.0,3.505,0.0,0.0
56608,1,0.0,3.505,0.0,0.0
56618,1,0.0,3.505,0.0,0.0
56628,1,0.0,3.505,0.0,0.0
56638,1,0.0,3.505,0.0,0.0
56648,1,0.0,3.505,0.0,0.0
56658,1,0.0,3.505,0.0,0.0
56668,1,0.0,3.505,0.0,0.0
56678,1,0.0,3.505,0.0,0.0
56688,1,0.0,3.505,0.0,0.0
56698,1,0.0,3.505,0.0,0.0
56708,1,0.0,3.505,0.0,0.0
56718,1,0.0,3.505,0.0,0.0
56728,1,0.0,3.505,0.0,0.0
56738,1,0.0,3.5047,0.0,0.0
56748,1,0.0,3.505,0.0,0.0
56758,1,0.0,3.505,0.0,0.0
56768,1,0.0,3.505,0.0,0.0
56778,1,0.0,3.505,0.0,0.0
56788,1,0.0,3.505,0.0,0.0
56798,1,0.0,3.505,0.0,0.0
56808,1,0.0,3.505,0.0,0.0
56818,1,0.0,3.505,0.0,0.0
56828,1,0.0,3.505,0.0,0.0
56838,1,0.0,3.505,0.0,0.0
56848,1,0.0,3.505,0.0,0.0
56858,1,0.0,3.505,0.0,0.0
56868,1,0.0,3.505,0.0,0.0
56878,1,0.0,3.505,0.0,0.0
56888,1,0.0,3.505,0.0,0.0
56898,1,0.0,3.505,0.0,0.0
56908,1,0.0,3.505,0.0,0.0
56918,1,0.0,3.505,0.0,0.0
56928,1,0.0,3.505,0.0,0.0
56938,1,0.0,3.505,0.0,0.0
56948,1,0.0,3.505,0.0,0.0
56958,1,0.0,3.505,0.0,0.0
56968,1,0.0,3.505,0.0,0.0
56978,1,0.0,3.505,0.0,0.0
56988,1,0.0,3.505,0.0,0.0
56998,1,0.0,3.505,0.0,0.0
57008,1,0.0,3.505,0.0,0.0
57018,1,0.0,3.505,0.0,0.0
57028,1,0.0,3.505,0.0,0.0
57038,1,0.0,3.505,0.0,0.0
57048,1,0.0,3.505,0.0,0.0
57058,1,0.0,3.505,0.0,0.0
57068,1,0.0,3.505,0.0,0.0
57078,1,0.0,3.505,0.0,0.0
57088,1,0.0,3.505,0.0,0.0
57098,1,0.0,3.5053,0.0,0.0
57108,1,0.0,3.505,0.0,0.0
57118,1,0.0,3.505,0.0,0.0
57128,1,0.0,3.505,0.0,0.0
57138,1,0.0,3.505,0.0,0.0
57148,1,0.0,3.5053,0.0,0.0
57158,1,0.0,3.5053,0.0,0.0
57168,1,0.0,3.505,0.0,0.0
57178,1,0.0,3.505,0.0,0.0
57188,1,0.0,3.505,0.0,0.0
57198,1,0.0,3.5053,0.0,0.0
57208,1,0.0,3.5053,0.0,0.0
57218,1,0.0,3.505,0.0,0.0
57228,1,0.0,3.505,0.0,0.0
57238,1,0.0,3.505,0.0,0.0
57248,1,0.0,3.5053,0.0,0.0
57258,1,0.0,3.5053,0.0,0.0
57268,1,0.0,3.5053,0.0,0.0
57278,1,0.0,3.5053,0.0,0.0
57288,1,0.0,3.5053,0.0,0.0
57298,1,0.0,3.5053,0.0,0.0
57308,1,0.0,3.5053,0.0,0.0
57318,1,0.0,3.5053,0.0,0.0
57328,1,0.0,3.5053,0.0,0.0
57338,1,0.0,3.5053,0.0,0.0
57348,1,0.0,3.5053,0.0,0.0
57358,1,0.0,3.5053,0.0,0.0
57368,1,0.0,3.5053,0.0,0.0
57378,1,0.0,3.5053,0.0,0.0
57388,1,0.0,3.5053,0.0,0.0
57398,1,0.0,3.5053,0.0,0.0
57408,1,0.0,3.5053,0.0,0.0
57418,1,0.0,3.5053,0.0,0.0
57428,1,0.0,3.5053,0.0,0.0
57438,1,0.0,3.5053,0.0,0.0
57448,1,0.0,3.5053,0.0,0.0
57458,1,0.0,3.5053,0.0,0.0
57468,1,0.0,3.5053,0.0,0.0
57478,1,0.0,3.5053,0.0,0.0
57488,1,0.0,3.5053,0.0,0.0
57498,1,0.0,3.5053,0.0,0.0
57508,1,0.0,3.5053,0.0,0.0
57518,1,0.0,3.5053,0.0,0.0
57528,1,0.0,3.5053,0.0,0.0
57538,1,0.0,3.5053,0.0,0.0
57548,1,0.0,3.5053,0.0,0.0
57558,1,0.0,3.5053,0.0,0.0
57568,1,0.0,3.5053,0.0,0.0
57578,1,0.0,3.5053,0.0,0.0
57588,1,0.0,3.5053,0.0,0.0
57598,1,0.0,3.5053,0.0,0.0
57608,1,0.0,3.5053,0.0,0.0
57618,1,0.0,3.5053,0.0,0.0
57628,1,0.0,3.5053,0.0,0.0
57638,1,0.0,3.5053,0.0,0.0
57648,1,0.0,3.5053,0.0,0.0
57658,1,0.0,3.5053,0.0,0.0
57668,1,0.0,3.5053,0.0,0.0
57678,1,0.0,3.5053,0.0,0.0
57688,1,0.0,3.5057,0.0,0.0
57698,1,0.0,3.5053,0.0,0.0
57708,1,0.0,3.5053,0.0,0.0
57718,1,0.0,3.5053,0.0,0.0
57728,1,0.0,3.5053,0.0,0.0
57738,1,0.0,3.5053,0.0,0.0
57748,1,0.0,3.5053,0.0,0.0
57758,1,0.0,3.5053,0.0,0.0
57758,2,-0.16648,3.5013,0.0,0.0
57768,2,-0.16672,3.5007,0.0,0.00046
57778,2,-0.16679,3.5004,0.0,0.00093
57788,2,-0.16679,3.4998,0.0,0.00139
57798,2,-0.16679,3.4998,0.0,0.00185
57808,2,-0.16679,3.4995,0.0,0.00232
57818,2,-0.16672,3.4991,0.0,0.00278
57828,2,-0.16679,3.4988,0.0,0.00324
57838,2,-0.16672,3.4985,0.0,0.00371
57848,2,-0.16679,3.4985,0.0,0.00417
57858,2,-0.16679,3.4982,0.0,0.00463
57868,2,-0.16679,3.4982,0.0,0.0051
57878,2,-0.16679,3.4979,0.0,0.00556
57888,2,-0.16679,3.4979,0.0,0.00602
57898,2,-0.16672,3.4976,0.0,0.00649
57908,2,-0.16679,3.4976,0.0,0.00695
57918,2,-0.16679,3.4973,0.0,0.00741
57928,2,-0.16679,3.4973,0.0,0.00788
57938,2,-0.16679,3.497,0.0,0.00834
57948,2,-0.16672,3.497,0.0,0.0088
57958,2,-0.16679,3.497,0.0,0.00926
57968,2,-0.16679,3.4967,0.0,0.00973
57978,2,-0.16679,3.4967,0.0,0.01019
57988,2,-0.16672,3.4964,0.0,0.01065
57998,2,-0.16679,3.4964,0.0,0.01112
58008,2,-0.16679,3.4964,0.0,0.01158
58018,2,-0.16679,3.496,0.0,0.01204
58028,2,-0.16679,3.496,0.0,0.01251
58038,2,-0.16679,3.496,0.0,0.01297
58048,2,-0.16679,3.4957,0.0,0.01343
58058,2,-0.16679,3.4957,0.0,0.0139
58068,2,-0.16672,3.4957,0.0,0.01436
58078,2,-0.16672,3.4957,0.0,0.01482
58088,2,-0.16679,3.4954,0.0,0.01529
58098,2,-0.16679,3.4954,0.0,0.01575
58108,2,-0.16672,3.4951,0.0,0.01621
58118,2,-0.16679,3.4951,0.0,0.01668
58128,2,-0.16672,3.4951,0.0,0.01714
58138,2,-0.16679,3.4948,0.0,0.0176
58148,2,-0.16672,3.4948,0.0,0.01807
58158,2,-0.16672,3.4948,0.0,0.01853
58168,2,-0.16679,3.4948,0.0,0.01899
58178,2,-0.16679,3.4948,0.0,0.01946
58188,2,-0.16679,3.4942,0.0,0.01992
58198,2,-0.16679,3.4942,0.0,0.02038
58208,2,-0.16679,3.4942,0.0,0.02085
58218,2,-0.16672,3.4939,0.0,0.02131
58228,2,-0.16672,3.4939,0.0,0.02177
58238,2,-0.16672,3.4939,0.0,0.02224
58248,2,-0.16679,3.4939,0.0,0.0227
58258,2,-0.16672,3.4936,0.0,0.02316
58268,2,-0.16679,3.4936,0.0,0.02363
58278,2,-0.16679,3.4936,0.0,0.02409
58288,2,-0.16679,3.4936,0.0,0.02455
58298,2,-0.16672,3.4933,0.0,0.02501
58308,2,-0.16679,3.4933,0.0,0.02548
58318,2,-0.16679,3.4933,0.0,0.02594
58328,2,-0.16679,3.4933,0.0,0.0264
58338,2,-0.16679,3.4933,0.0,0.02687
58348,2,-0.16679,3.4929,0.0,0.02733
58358,2,-0.16672,3.4929,0.0,0.02779
58368,2,-0.16672,3.4929,0.0,0.02826
58378,2,-0.16679,3.4926,0.0,0.02872
58388,2,-0.16672,3.4929,0.0,0.02918
58398,2,-0.16679,3.4926,0.0,0.02965
58408,2,-0.16679,3.4926,0.0,0.03011
58418,2,-0.16679,3.4923,0.0,0.03057
58428,2,-0.16679,3.4926,0.0,0.03104
58438,2,-0.16672,3.4923,0.0,0.0315
58448,2,-0.16679,3.4923,0.0,0.03196
58458,2,-0.16679,3.4923,0.0,0.03243
58468,2,-0.16672,3.492,0.0,0.03289
58478,2,-0.16672,3.492,0.0,0.03335
58488,2,-0.16679,3.492,0.0,0.03382
58498,2,-0.16672,3.492,0.0,0.03428
58508,2,-0.16672,3.492,0.0,0.03474
58518,2,-0.16672,3.4917,0.0,0.03521
58528,2,-0.16679,3.4917,0.0,0.03567
58538,2,-0.16679,3.4917,0.0,0.03613
58548,2,-0.16679,3.4914,0.0,0.0366
58558,2,-0.16679,3.4914,0.0,0.03706
58568,2,-0.16679,3.4914,0.0,0.03752
58578,2,-0.16672,3.4914,0.0,0.03798
58588,2,-0.16672,3.4914,0.0,0.03845
58598,2,-0.16672,3.4911,0.0,0.03891
58608,2,-0.16672,3.4911,0.0,0.03937
58618,2,-0.16679,3.4911,0.0,0.03984
58628,2,-0.16672,3.4911,0.0,0.0403
58638,2,-0.16679,3.4908,0.0,0.04076
58648,2,-0.16672,3.4908,0.0,0.04123
58658,2,-0.16679,3.4908,0.0,0.04169
58668,2,-0.16672,3.4908,0.0,0.04215
58678,2,-0.16679,3.4908,0.0,0.04262
58688,2,-0.16679,3.4905,0.0,0.04308
58698,2,-0.16679,3.4905,0.0,0.04354
58708,2,-0.16679,3.4905,0.0,0.04401
58718,2,-0.16679,3.4905,0.0,0.04447
58728,2,-0.16679,3.4902,0.0,0.04493
58738,2,-0.16679,3.4902,0.0,0.0454
58748,2,-0.16679,3.4902,0.0,0.04586
58758,2,-0.16679,3.4902,0.0,0.04632
58768,2,-0.16672,3.4898,0.0,0.04679
58778,2,-0.16672,3.4898,0.0,0.04725
58788,2,-0.16679,3.4898,0.0,0.04771
58798,2,-0.16679,3.4898,0.0,0.04818
58808,2,-0.16679,3.4898,0.0,0.04864
58818,2,-0.16672,3.4895,0.0,0.0491
58828,2,-0.16672,3.4895,0.0,0.04957
58838,2,-0.16679,3.4895,0.0,0.05003
58848,2,-0.16672,3.4892,0.0,0.05049
58858,2,-0.16679,3.4892,0.0,0.05096
58868,2,-0.16672,3.4892,0.0,0.05142
58878,2,-0.16679,3.4892,0.0,0.05188
58888,2,-0.16679,3.4892,0.0,0.05235
58898,2,-0.16672,3.4889,0.0,0.05281
58908,2,-0.16679,3.4889,0.0,0.05327
58918,2,-0.16679,3.4889,0.0,0.05373
58928,2,-0.16679,3.4889,0.0,0.0542
58938,2,-0.16679,3.4889,0.0,0.05466
58948,2,-0.16679,3.4886,0.0,0.05512
58958,2,-0.16672,3.4886,0.0,0.05559
58968,2,-0.16672,3.4886,0.0,0.05605
58978,2,-0.16679,3.4886,0.0,0.05651
58988,2,-0.16679,3.4883,0.0,0.05698
58998,2,-0.16672,3.4883,0.0,0.05744
59008,2,-0.16679,3.4883,0.0,0.0579
59018,2,-0.16672,3.4883,0.0,0.05837
59028,2,-0.16679,3.488,0.0,0.05883
59038,2,-0.16679,3.488,0.0,0.05929
59048,2,-0.16672,3.488,0.0,0.05976
59058,2,-0.16672,3.4877,0.0,0.06022
59068,2,-0.16679,3.488,0.0,0.06068
59078,2,-0.16679,3.4877,0.0,0.06115
59088,2,-0.16679,3.4877,0.0,0.06161
59098,2,-0.16672,3.4877,0.0,0.06207
59108,2,-0.16672,3.4874,0.0,0.06254
59118,2,-0.16679,3.4874,0.0,0.063
59128,2,-0.16679,3.4874,0.0,0.06346
59138,2,-0.16679,3.4874,0.0,0.06393
59148,2,-0.16672,3.4874,0.0,0.06439
59158,2,-0.16679,3.4871,0.0,0.06485
59168,2,-0.16679,3.4871,0.0,0.06532
59178,2,-0.16672,3.4871,0.0,0.06578
59188,2,-0.16672,3.4871,0.0,0.06624
59198,2,-0.16672,3.4864,0.0,0.0667
59208,2,-0.16672,3.4864,0.0,0.06717
59218,2,-0.16679,3.4864,0.0,0.06763
59228,2,-0.16679,3.4864,0.0,0.06809
59238,2,-0.16679,3.4861,0.0,0.06856
59248,2,-0.16679,3.4861,0.0,0.06902
59258,2,-0.16672,3.4861,0.0,0.06948
59268,2,-0.16679,3.4861,0.0,0.06995
59278,2,-0.16679,3.4861,0.0,0.07041
59288,2,-0.16672,3.4858,0.0,0.07087
59298,2,-0.16672,3.4858,0.0,0.07134
59308,2,-0.16679,3.4858,0.0,0.0718
59318,2,-0.16679,3.4858,0.0,0.07226
59328,2,-0.16679,3.4855,0.0,0.07273
59338,2,-0.16672,3.4855,0.0,0.07319
59348,2,-0.16672,3.4855,0.0,0.07365
59358,2,-0.16672,3.4855,0.0,0.07412
59368,2,-0.16679,3.4852,0.0,0.07458
59378,2,-0.16679,3.4852,0.0,0.07504
59388,2,-0.16672,3.4852,0.0,0.07551
59398,2,-0.16679,3.4852,0.0,0.07597
59408,2,-0.16672,3.4849,0.0,0.07643
59418,2,-0.16679,3.4849,0.0,0.0769
59428,2,-0.16679,3.4849,0.0,0.07736
59438,2,-0.16672,3.4849,0.0,0.07782
59448,2,-0.16672,3.4849,0.0,0.07829
59458,2,-0.16672,3.4846,0.0,0.07875
59468,2,-0.16672,3.4846,0.0,0.07921
59478,2,-0.16672,3.4846,0.0,0.07968
59488,2,-0.16672,3.4846,0.0,0.08014
59498,2,-0.16672,3.4846,0.0,0.0806
59508,2,-0.16679,3.4843,0.0,0.08106
59518,2,-0.16679,3.4843,0.0,0.08153
59528,2,-0.16679,3.4843,0.0,0.08199
59538,2,-0.16679,3.484,0.0,0.08245
59548,2,-0.16679,3.4843,0.0,0.08292
59558,2,-0.16672,3.484,0.0,0.08338
59568,2,-0.16672,3.484,0.0,0.08384
59578,2,-0.16672,3.484,0.0,0.08431
59588,2,-0.16679,3.4836,0.0,0.08477
59598,2,-0.16679,3.4836,0.0,0.08523
59608,2,-0.16679,3.4836,0.0,0.0857
59618,2,-0.16672,3.4833,0.0,0.08616
59628,2,-0.16679,3.4836,0.0,0.08662
59638,2,-0.16679,3.4833,0.0,0.08709
59648,2,-0.16679,3.4833,0.0,0.08755
59658,2,-0.16679,3.4833,0.0,0.08801
59668,2,-0.16679,3.4833,0.0,0.08848
59678,2,-0.16672,3.483,0.0,0.08894
59688,2,-0.16679,3.483,0.0,0.0894
59698,2,-0.16679,3.483,0.0,0.08987
59708,2,-0.16672,3.4827,0.0,0.09033
59718,2,-0.16679,3.483,0.0,0.09079
59728,2,-0.16672,3.4827,0.0,0.09126
59738,2,-0.16679,3.4827,0.0,0.09172
59748,2,-0.16672,3.4827,0.0,0.09218
59758,2,-0.16679,3.4827,0.0,0.09265
59768,2,-0.16672,3.4824,0.0,0.09311
59778,2,-0.16672,3.4824,0.0,0.09357
59788,2,-0.16679,3.4824,0.0,0.09404
59798,2,-0.16672,3.4824,0.0,0.0945
59808,2,-0.16679,3.4821,0.0,0.09496
59818,2,-0.16672,3.4821,0.0,0.09542
59828,2,-0.16679,3.4821,0.0,0.09589
59838,2,-0.16672,3.4821,0.0,0.09635
59848,2,-0.16679,3.4818,0.0,0.09681
59858,2,-0.16672,3.4818,0.0,0.09728
59868,2,-0.16679,3.4818,0.0,0.09774
59878,2,-0.16672,3.4818,0.0,0.0982
59888,2,-0.16679,3.4818,0.0,0.09867
59898,2,-0.16679,3.4818,0.0,0.09913
59908,2,-0.16679,3.4815,0.0,0.09959
59918,2,-0.16679,3.4815,0.0,0.10006
59928,2,-0.16679,3.4812,0.0,0.10052
59938,2,-0.16672,3.4812,0.0,0.10098
59948,2,-0.16672,3.4812,0.0,0.10145
59958,2,-0.16672,3.4812,0.0,0.10191
59968,2,-0.16672,3.4812,0.0,0.10237
59978,2,-0.16679,3.4812,0.0,0.10284
59988,2,-0.16679,3.4809,0.0,0.1033
59998,2,-0.16679,3.4809,0.0,0.10376
60008,2,-0.16672,3.4809,0.0,0.10423
60018,2,-0.16679,3.4809,0.0,0.10469
60028,2,-0.16672,3.4805,0.0,0.10515
60038,2,-0.16679,3.4805,0.0,0.10562
60048,2,-0.16679,3.4805,0.0,0.10608
60058,2,-0.16672,3.4802,0.0,0.10654
60068,2,-0.16679,3.4802,0.0,0.10701
60078,2,-0.16679,3.4802,0.0,0.10747
60088,2,-0.16679,3.4802,0.0,0.10793
60098,2,-0.16679,3.4802,0.0,0.1084
60108,2,-0.16672,3.4802,0.0,0.10886
60118,2,-0.16679,3.4799,0.0,0.10932
60128,2,-0.16679,3.4799,0.0,0.10979
60138,2,-0.16679,3.4799,0.0,0.11025
60148,2,-0.16672,3.4796,0.0,0.11071
60158,2,-0.16672,3.4796,0.0,0.11117
60168,2,-0.16679,3.4796,0.0,0.11164
60178,2,-0.16672,3.4796,0.0,0.1121
60188,2,-0.16679,3.4793,0.0,0.11256
60198,2,-0.16679,3.4796,0.0,0.11303
60208,2,-0.16672,3.4793,0.0,0.11349
60218,2,-0.16679,3.4793,0.0,0.11395
60228,2,-0.16679,3.4793,0.0,0.11442
60238,2,-0.16679,3.479,0.0,0.11488
60248,2,-0.16679,3.479,0.0,0.11534
60258,2,-0.16679,3.479,0.0,0.11581
60268,2,-0.16672,3.479,0.0,0.11627
60278,2,-0.16679,3.479,0.0,0.11673
60288,2,-0.16679,3.4784,0.0,0.1172
60298,2,-0.16672,3.4784,0.0,0.11766
60308,2,-0.16679,3.4784,0.0,0.11812
60318,2,-0.16672,3.4784,0.0,0.11859
60328,2,-0.16672,3.4781,0.0,0.11905
60338,2,-0.16679,3.4781,0.0,0.11951
60348,2,-0.16672,3.4781,0.0,0.11998
60358,2,-0.16679,3.4778,0.0,0.12044
60368,2,-0.16679,3.4778,0.0,0.1209
60378,2,-0.16679,3.4778,0.0,0.12137
60388,2,-0.16679,3.4778,0.0,0.12183
60398,2,-0.16679,3.4778,0.0,0.12229
60408,2,-0.16679,3.4774,0.0,0.12276
60418,2,-0.16672,3.4774,0.0,0.12322
60428,2,-0.16679,3.4774,0.0,0.12368
60438,2,-0.16679,3.4774,0.0,0.12415
60448,2,-0.16679,3.4774,0.0,0.12461
60458,2,-0.16672,3.4774,0.0,0.12507
60468,2,-0.16679,3.4771,0.0,0.12553
60478,2,-0.16672,3.4771,0.0,0.126
60488,2,-0.16679,3.4771,0.0,0.12646
60498,2,-0.16679,3.4771,0.0,0.12692
60508,2,-0.16672,3.4768,0.0,0.12739
60518,2,-0.16679,3.4768,0.0,0.12785
60528,2,-0.16679,3.4768,0.0,0.12831
60538,2,-0.16679,3.4765,0.0,0.12878
60548,2,-0.16672,3.4765,0.0,0.12924
60558,2,-0.16679,3.4765,0.0,0.1297
60568,2,-0.16679,3.4765,0.0,0.13017
60578,2,-0.16679,3.4765,0.0,0.13063
60588,2,-0.16679,3.4762,0.0,0.13109
60598,2,-0.16672,3.4762,0.0,0.13156
60608,2,-0.16679,3.4762,0.0,0.13202
60618,2,-0.16679,3.4762,0.0,0.13248
60628,2,-0.16679,3.4759,0.0,0.13295
60638,2,-0.16672,3.4759,0.0,0.13341
60648,2,-0.16679,3.4759,0.0,0.13387
60658,2,-0.16672,3.4759,0.0,0.13434
60668,2,-0.16679,3.4759,0.0,0.1348
60678,2,-0.16679,3.4756,0.0,0.13526
60688,2,-0.16679,3.4756,0.0,0.13573
60698,2,-0.16679,3.4756,0.0,0.13619
60708,2,-0.16679,3.4756,0.0,0.13665
60718,2,-0.16679,3.4753,0.0,0.13712
60728,2,-0.16679,3.4753,0.0,0.13758
60738,2,-0.16672,3.4753,0.0,0.13804
60748,2,-0.16679,3.4753,0.0,0.13851
60758,2,-0.16679,3.475,0.0,0.13897
60768,2,-0.16672,3.475,0.0,0.13943
60778,2,-0.16679,3.475,0.0,0.1399
60788,2,-0.16672,3.475,0.0,0.14036
60798,2,-0.16672,3.4747,0.0,0.14082
60808,2,-0.16679,3.4747,0.0,0.14129
60818,2,-0.16679,3.4747,0.0,0.14175
60828,2,-0.16679,3.4747,0.0,0.14221
60838,2,-0.16679,3.4747,0.0,0.14267
60848,2,-0.16679,3.4743,0.0,0.14314
60858,2,-0.16679,3.4743,0.0,0.1436
60868,2,-0.16679,3.4743,0.0,0.14406
60878,2,-0.16679,3.4743,0.0,0.14453
60888,2,-0.16679,3.474,0.0,0.14499
60898,2,-0.16672,3.474,0.0,0.14545
60908,2,-0.16672,3.474,0.0,0.14592
60918,2,-0.16679,3.474,0.0,0.14638
60928,2,-0.16672,3.4737,0.0,0.14684
60938,2,-0.16679,3.4737,0.0,0.14731
60948,2,-0.16672,3.4737,0.0,0.14777
60958,2,-0.16679,3.4737,0.0,0.14823
60968,2,-0.16679,3.4737,0.0,0.1487
60978,2,-0.16679,3.4737,0.0,0.14916
60988,2,-0.16672,3.4734,0.0,0.14962
60998,2,-0.16679,3.4734,0.0,0.15009
61008,2,-0.16679,3.4734,0.0,0.15055
61018,2,-0.16679,3.4731,0.0,0.15101
61028,2,-0.16679,3.4731,0.0,0.15148
61038,2,-0.16679,3.4731,0.0,0.15194
61048,2,-0.16679,3.4731,0.0,0.1524
61058,2,-0.16672,3.4728,0.0,0.15287
61068,2,-0.16679,3.4728,0.0,0.15333
61078,2,-0.16679,3.4728,0.0,0.15379
61088,2,-0.16679,3.4728,0.0,0.15426
61098,2,-0.16679,3.4728,0.0,0.15472
61108,2,-0.16679,3.4725,0.0,0.15518
61118,2,-0.16672,3.4725,0.0,0.15565
61128,2,-0.16679,3.4725,0.0,0.15611
61138,2,-0.16672,3.4725,0.0,0.15657
61148,2,-0.16679,3.4722,0.0,0.15704
61158,2,-0.16679,3.4722,0.0,0.1575
61168,2,-0.16672,3.4722,0.0,0.15796
61178,2,-0.16672,3.4722,0.0,0.15843
61188,2,-0.16679,3.4719,0.0,0.15889
61198,2,-0.16679,3.4719,0.0,0.15935
61208,2,-0.16679,3.4719,0.0,0.15981
61218,2,-0.16679,3.4719,0.0,0.16028
61228,2,-0.16672,3.4716,0.0,0.16074
61238,2,-0.16672,3.4716,0.0,0.1612
61248,2,-0.16672,3.4716,0.0,0.16167
61258,2,-0.16672,3.4716,0.0,0.16213
61268,2,-0.16672,3.4712,0.0,0.16259
61278,2,-0.16672,3.4712,0.0,0.16306
61288,2,-0.16679,3.4712,0.0,0.16352
61298,2,-0.16672,3.4712,0.0,0.16398
61308,2,-0.16679,3.4712,0.0,0.16445
61318,2,-0.16679,3.4706,0.0,0.16491
61328,2,-0.16679,3.4706,0.0,0.16537
61338,2,-0.16672,3.4706,0.0,0.16584
61348,2,-0.16679,3.4703,0.0,0.1663
61358,2,-0.16679,3.4703,0.0,0.16676
61368,2,-0.16679,3.4703,0.0,0.16723
61378,2,-0.16672,3.4703,0.0,0.16769
61388,2,-0.16679,3.47,0.0,0.16815
61398,2,-0.16679,3.47,0.0,0.16862
61408,2,-0.16679,3.47,0.0,0.16908
61418,2,-0.16679,3.47,0.0,0.16954
61428,2,-0.16679,3.47,0.0,0.17001
61438,2,-0.16672,3.4697,0.0,0.17047
61448,2,-0.16672,3.4697,0.0,0.17093
61458,2,-0.16679,3.4697,0.0,0.1714
61468,2,-0.16672,3.4697,0.0,0.17186
61478,2,-0.16672,3.4697,0.0,0.17232
61488,2,-0.16679,3.4694,0.0,0.17279
61498,2,-0.16679,3.4694,0.0,0.17325
61508,2,-0.16679,3.4694,0.0,0.17371
61518,2,-0.16679,3.4691,0.0,0.17418
61528,2,-0.16679,3.4691,0.0,0.17464
61538,2,-0.16672,3.4691,0.0,0.1751
61548,2,-0.16679,3.4691,0.0,0.17557
61558,2,-0.16679,3.4691,0.0,0.17603
61568,2,-0.16679,3.4688,0.0,0.17649
61578,2,-0.16679,3.4688,0.0,0.17696
61588,2,-0.16672,3.4688,0.0,0.17742
61598,2,-0.16679,3.4688,0.0,0.17788
61608,2,-0.16679,3.4688,0.0,0.17834
61618,2,-0.16679,3.4685,0.0,0.17881
61628,2,-0.16679,3.4685,0.0,0.17927
61638,2,-0.16679,3.4685,0.0,0.17973
61648,2,-0.16679,3.4685,0.0,0.1802
61658,2,-0.16679,3.4681,0.0,0.18066
61668,2,-0.16672,3.4681,0.0,0.18112
61678,2,-0.16679,3.4681,0.0,0.18159
61688,2,-0.16672,3.4678,0.0,0.18205
61698,2,-0.16679,3.4678,0.0,0.18251
61708,2,-0.16679,3.4678,0.0,0.18298
61718,2,-0.16679,3.4678,0.0,0.18344
61728,2,-0.16679,3.4675,0.0,0.1839
61738,2,-0.16672,3.4675,0.0,0.18437
61748,2,-0.16679,3.4675,0.0,0.18483
61758,2,-0.16672,3.4675,0.0,0.18529
61768,2,-0.16679,3.4672,0.0,0.18576
61778,2,-0.16679,3.4672,0.0,0.18622
61788,2,-0.16679,3.4672,0.0,0.18668
61798,2,-0.16672,3.4672,0.0,0.18715
61808,2,-0.16672,3.4669,0.0,0.18761
61818,2,-0.16672,3.4669,0.0,0.18807
61828,2,-0.16679,3.4669,0.0,0.18854
61838,2,-0.16679,3.4669,0.0,0.189
61848,2,-0.16679,3.4666,0.0,0.18946
61858,2,-0.16679,3.4669,0.0,0.18993
61868,2,-0.16679,3.4666,0.0,0.19039
61878,2,-0.16672,3.4666,0.0,0.19085
61888,2,-0.16679,3.4663,0.0,0.19132
61898,2,-0.16679,3.4663,0.0,0.19178
61908,2,-0.16679,3.4663,0.0,0.19224
61918,2,-0.16679,3.4663,0.0,0.19271
61928,2,-0.16679,3.4663,0.0,0.19317
61938,2,-0.16679,3.466,0.0,0.19363
61948,2,-0.16672,3.466,0.0,0.1941
61958,2,-0.16679,3.466,0.0,0.19456
61968,2,-0.16672,3.4657,0.0,0.19502
61978,2,-0.16672,3.466,0.0,0.19549
61988,2,-0.16679,3.4657,0.0,0.19595
61998,2,-0.16679,3.4657,0.0,0.19641
62008,2,-0.16679,3.4657,0.0,0.19687
62018,2,-0.16679,3.4654,0.0,0.19734
62028,2,-0.16672,3.4654,0.0,0.1978
62038,2,-0.16679,3.4654,0.0,0.19826
62048,2,-0.16672,3.4654,0.0,0.19873
62058,2,-0.16679,3.465,0.0,0.19919
62068,2,-0.16679,3.465,0.0,0.19965
62078,2,-0.16672,3.465,0.0,0.20012
62088,2,-0.16679,3.465,0.0,0.20058
62098,2,-0.16679,3.465,0.0,0.20104
62108,2,-0.16672,3.4647,0.0,0.20151
62118,2,-0.16679,3.4647,0.0,0.20197
62128,2,-0.16679,3.4647,0.0,0.20243
62138,2,-0.16679,3.4647,0.0,0.2029
62148,2,-0.16672,3.4644,0.0,0.20336
62158,2,-0.16679,3.4644,0.0,0.20382
62168,2,-0.16672,3.4644,0.0,0.20429
62178,2,-0.16679,3.4644,0.0,0.20475
62188,2,-0.16679,3.4641,0.0,0.20521
62198,2,-0.16679,3.4641,0.0,0.20568
62208,2,-0.16679,3.4641,0.0,0.20614
62218,2,-0.16679,3.4641,0.0,0.2066
62228,2,-0.16672,3.4641,0.0,0.20707
62238,2,-0.16672,3.4638,0.0,0.20753
62248,2,-0.16672,3.4638,0.0,0.20799
62258,2,-0.16679,3.4638,0.0,0.20846
62268,2,-0.16672,3.4638,0.0,0.20892
62278,2,-0.16679,3.4635,0.0,0.20938
62288,2,-0.16679,3.4635,0.0,0.20985
62298,2,-0.16679,3.4635,0.0,0.21031
62308,2,-0.16679,3.4635,0.0,0.21077
62318,2,-0.16679,3.4629,0.0,0.21124
62328,2,-0.16672,3.4629,0.0,0.2117
62338,2,-0.16672,3.4629,0.0,0.21216
62348,2,-0.16679,3.4629,0.0,0.21263
62358,2,-0.16672,3.4626,0.0,0.21309
62368,2,-0.16672,3.4626,0.0,0.21355
62378,2,-0.16679,3.4626,0.0,0.21402
62388,2,-0.16679,3.4626,0.0,0.21448
62398,2,-0.16679,3.4623,0.0,0.21494
62408,2,-0.16679,3.4623,0.0,0.2154
62418,2,-0.16679,3.4623,0.0,0.21587
62428,2,-0.16672,3.4623,0.0,0.21633
62438,2,-0.16679,3.4623,0.0,0.21679
62448,2,-0.16679,3.4619,0.0,0.21726
62458,2,-0.16679,3.4619,0.0,0.21772
62468,2,-0.16672,3.4619,0.0,0.21818
62478,2,-0.16679,3.4616,0.0,0.21865
62488,2,-0.16679,3.4616,0.0,0.21911
62498,2,-0.16679,3.4616,0.0,0.21957
62508,2,-0.16679,3.4616,0.0,0.22004
62518,2,-0.16672,3.4616,0.0,0.2205
62528,2,-0.16672,3.4613,0.0,0.22096
62538,2,-0.16679,3.4613,0.0,0.22143
62548,2,-0.16679,3.4613,0.0,0.22189
62558,2,-0.16672,3.4613,0.0,0.22235
62568,2,-0.16672,3.4613,0.0,0.22282
62578,2,-0.16672,3.461,0.0,0.22328
62588,2,-0.16679,3.461,0.0,0.22374
62598,2,-0.16672,3.461,0.0,0.22421
62608,2,-0.16679,3.4607,0.0,0.22467
62618,2,-0.16679,3.4607,0.0,0.22513
62628,2,-0.16679,3.4607,0.0,0.2256
62638,2,-0.16679,3.4607,0.0,0.22606
62648,2,-0.16679,3.4604,0.0,0.22652
62658,2,-0.16679,3.4604,0.0,0.22699
62668,2,-0.16672,3.4604,0.0,0.22745
62678,2,-0.16679,3.4604,0.0,0.22791
62688,2,-0.16679,3.4601,0.0,0.22838
62698,2,-0.16672,3.4601,0.0,0.22884
62708,2,-0.16679,3.4601,0.0,0.2293
62718,2,-0.16672,3.4601,0.0,0.22977
62728,2,-0.16679,3.4601,0.0,0.23023
62738,2,-0.16672,3.4598,0.0,0.23069
62748,2,-0.16679,3.4598,0.0,0.23116
62758,2,-0.16672,3.4598,0.0,0.23162
62768,2,-0.16679,3.4598,0.0,0.23208
62778,2,-0.16672,3.4598,0.0,0.23255
62788,2,-0.16679,3.4595,0.0,0.23301
62798,2,-0.16679,3.4595,0.0,0.23347
62808,2,-0.16679,3.4595,0.0,0.23393
62818,2,-0.16679,3.4592,0.0,0.2344
62828,2,-0.16672,3.4592,0.0,0.23486
62838,2,-0.16679,3.4592,0.0,0.23532
62848,2,-0.16672,3.4592,0.0,0.23579
62858,2,-0.16672,3.4592,0.0,0.23625
62868,2,-0.16679,3.4592,0.0,0.23671
62878,2,-0.16679,3.4588,0.0,0.23718
62888,2,-0.16679,3.4588,0.0,0.23764
62898,2,-0.16679,3.4588,0.0,0.2381
62908,2,-0.16679,3.4585,0.0,0.23857
62918,2,-0.16679,3.4585,0.0,0.23903
62928,2,-0.16672,3.4585,0.0,0.23949
62938,2,-0.16672,3.4585,0.0,0.23996
62948,2,-0.16672,3.4582,0.0,0.24042
62958,2,-0.16679,3.4582,0.0,0.24088
62968,2,-0.16679,3.4582,0.0,0.24135
62978,2,-0.16672,3.4582,0.0,0.24181
62988,2,-0.16679,3.4579,0.0,0.24227
62998,2,-0.16672,3.4579,0.0,0.24274
63008,2,-0.16672,3.4579,0.0,0.2432
63018,2,-0.16679,3.4579,0.0,0.24366
63028,2,-0.16679,3.4579,0.0,0.24413
63038,2,-0.16679,3.4576,0.0,0.24459
63048,2,-0.16679,3.4576,0.0,0.24505
63058,2,-0.16679,3.4576,0.0,0.24552
63068,2,-0.16679,3.4576,0.0,0.24598
63078,2,-0.16672,3.4576,0.0,0.24644
63088,2,-0.16679,3.4573,0.0,0.24691
63098,2,-0.16679,3.4573,0.0,0.24737
63108,2,-0.16679,3.4573,0.0,0.24783
63118,2,-0.16679,3.4573,0.0,0.2483
63128,2,-0.16679,3.4573,0.0,0.24876
63138,2,-0.16679,3.457,0.0,0.24922
63148,2,-0.16679,3.457,0.0,0.24969
63158,2,-0.16679,3.457,0.0,0.25015
63168,2,-0.16672,3.457,0.0,0.25061
63178,2,-0.16679,3.4567,0.0,0.25108
63188,2,-0.16679,3.4567,0.0,0.25154
63198,2,-0.16679,3.4567,0.0,0.252
63208,2,-0.16679,3.4567,0.0,0.25247
63218,2,-0.16679,3.4564,0.0,0.25293
63228,2,-0.16679,3.4564,0.0,0.25339
63238,2,-0.16679,3.4564,0.0,0.25385
63248,2,-0.16679,3.4564,0.0,0.25432
63258,2,-0.16672,3.4561,0.0,0.25478
63268,2,-0.16679,3.4561,0.0,0.25524
63278,2,-0.16679,3.4561,0.0,0.25571
63288,2,-0.16679,3.4561,0.0,0.25617
63298,2,-0.16679,3.4557,0.0,0.25663
63308,2,-0.16672,3.4557,0.0,0.2571
63318,2,-0.16679,3.4557,0.0,0.25756
63328,2,-0.16679,3.4557,0.0,0.25802
63338,2,-0.16679,3.4557,0.0,0.25849
63348,2,-0.16679,3.4557,0.0,0.25895
63358,2,-0.16679,3.4551,0.0,0.25941
63368,2,-0.16679,3.4551,0.0,0.25988
63378,2,-0.16679,3.4551,0.0,0.26034
63388,2,-0.16679,3.4551,0.0,0.2608
63398,2,-0.16679,3.4548,0.0,0.26127
63408,2,-0.16672,3.4548,0.0,0.26173
63418,2,-0.16679,3.4548,0.0,0.26219
63428,2,-0.16679,3.4548,0.0,0.26266
63438,2,-0.16679,3.4548,0.0,0.26312
63448,2,-0.16679,3.4545,0.0,0.26358
63458,2,-0.16679,3.4545,0.0,0.26405
63468,2,-0.16679,3.4545,0.0,0.26451
63478,2,-0.16679,3.4545,0.0,0.26497
63488,2,-0.16679,3.4545,0.0,0.26544
63498,2,-0.16679,3.4542,0.0,0.2659
63508,2,-0.16679,3.4542,0.0,0.26636
63518,2,-0.16679,3.4542,0.0,0.26683
63528,2,-0.16679,3.4542,0.0,0.26729
63538,2,-0.16679,3.4542,0.0,0.26775
63548,2,-0.16679,3.4539,0.0,0.26822
63558,2,-0.16679,3.4539,0.0,0.26868
63568,2,-0.16679,3.4539,0.0,0.26914
63578,2,-0.16679,3.4536,0.0,0.26961
63588,2,-0.16679,3.4536,0.0,0.27007
63598,2,-0.16679,3.4536,0.0,0.27053
63608,2,-0.16672,3.4536,0.0,0.271
63618,2,-0.16679,3.4536,0.0,0.27146
63628,2,-0.16672,3.4533,0.0,0.27192
63638,2,-0.16672,3.4533,0.0,0.27239
63648,2,-0.16679,3.4533,0.0,0.27285
63658,2,-0.16679,3.4533,0.0,0.27331
63668,2,-0.16679,3.4533,0.0,0.27378
63678,2,-0.16672,3.453,0.0,0.27424
63688,2,-0.16679,3.453,0.0,0.2747
63698,2,-0.16679,3.453,0.0,0.27517
63708,2,-0.16679,3.453,0.0,0.27563
63718,2,-0.16679,3.4526,0.0,0.27609
63728,2,-0.16679,3.4526,0.0,0.27656
63738,2,-0.16679,3.4526,0.0,0.27702
63748,2,-0.16679,3.4526,0.0,0.27748
63758,2,-0.16679,3.4526,0.0,0.27794
63768,2,-0.16672,3.4526,0.0,0.27841
63778,2,-0.16672,3.4523,0.0,0.27887
63788,2,-0.16679,3.4523,0.0,0.27933
63798,2,-0.16679,3.4523,0.0,0.2798
63808,2,-0.16679,3.4523,0.0,0.28026
63818,2,-0.16679,3.452,0.0,0.28072
63828,2,-0.16679,3.452,0.0,0.28119
63838,2,-0.16679,3.452,0.0,0.28165
63848,2,-0.16679,3.452,0.0,0.28211
63858,2,-0.16679,3.452,0.0,0.28258
63868,2,-0.16672,3.4517,0.0,0.28304
63878,2,-0.16672,3.4517,0.0,0.2835
63888,2,-0.16672,3.4517,0.0,0.28397
63898,2,-0.16679,3.4517,0.0,0.28443
63908,2,-0.16672,3.4517,0.0,0.28489
63918,2,-0.16672,3.4517,0.0,0.28536
63928,2,-0.16679,3.4514,0.0,0.28582
63938,2,-0.16679,3.4514,0.0,0.28628
63948,2,-0.16672,3.4514,0.0,0.28675
63958,2,-0.16679,3.4514,0.0,0.28721
63968,2,-0.16679,3.4514,0.0,0.28767
63978,2,-0.16679,3.4511,0.0,0.28814
63988,2,-0.16679,3.4511,0.0,0.2886
63998,2,-0.16679,3.4511,0.0,0.28906
64008,2,-0.16679,3.4511,0.0,0.28953
64018,2,-0.16672,3.4511,0.0,0.28999
64028,2,-0.16679,3.4508,0.0,0.29045
64038,2,-0.16679,3.4508,0.0,0.29092
64048,2,-0.16679,3.4508,0.0,0.29138
64058,2,-0.16679,3.4508,0.0,0.29184
64068,2,-0.16679,3.4505,0.0,0.29231
64078,2,-0.16672,3.4505,0.0,0.29277
64088,2,-0.16679,3.4505,0.0,0.29323
64098,2,-0.16679,3.4505,0.0,0.2937
64108,2,-0.16672,3.4505,0.0,0.29416
64118,2,-0.16679,3.4505,0.0,0.29462
64128,2,-0.16679,3.4502,0.0,0.29509
64138,2,-0.16672,3.4502,0.0,0.29555
64148,2,-0.16679,3.4502,0.0,0.29601
64158,2,-0.16672,3.4502,0.0,0.29648
64168,2,-0.16679,3.4502,0.0,0.29694
64178,2,-0.16672,3.4499,0.0,0.2974
64188,2,-0.16679,3.4499,0.0,0.29787
64198,2,-0.16679,3.4499,0.0,0.29833
64208,2,-0.16679,3.4499,0.0,0.29879
64218,2,-0.16679,3.4499,0.0,0.29926
64228,2,-0.16679,3.4495,0.0,0.29972
64238,2,-0.16679,3.4495,0.0,0.30018
64248,2,-0.16679,3.4495,0.0,0.30065
64258,2,-0.16679,3.4495,0.0,0.30111
64268,2,-0.16679,3.4495,0.0,0.30157
64278,2,-0.16679,3.4495,0.0,0.30204
64288,2,-0.16679,3.4492,0.0,0.3025
64298,2,-0.16679,3.4492,0.0,0.30296
64308,2,-0.16679,3.4492,0.0,0.30342
64318,2,-0.16679,3.4492,0.0,0.30389
64328,2,-0.16679,3.4492,0.0,0.30435
64338,2,-0.16679,3.4492,0.0,0.30481
64348,2,-0.16679,3.4489,0.0,0.30528
64358,2,-0.16679,3.4489,0.0,0.30574
64368,2,-0.16679,3.4489,0.0,0.3062
64378,2,-0.16679,3.4489,0.0,0.30667
64388,2,-0.16672,3.4489,0.0,0.30713
64398,2,-0.16679,3.4486,0.0,0.30759
64408,2,-0.16679,3.4486,0.0,0.30806
64418,2,-0.16672,3.4486,0.0,0.30852
64428,2,-0.16679,3.4486,0.0,0.30898
64438,2,-0.16679,3.4483,0.0,0.30945
64448,2,-0.16679,3.4483,0.0,0.30991
64458,2,-0.16679,3.4483,0.0,0.31037
64468,2,-0.16679,3.4483,0.0,0.31084
64478,2,-0.16679,3.4483,0.0,0.3113
64488,2,-0.16679,3.4483,0.0,0.31176
64498,2,-0.16679,3.4483,0.0,0.31223
64508,2,-0.16679,3.448,0.0,0.31269
64518,2,-0.16679,3.448,0.0,0.31315
64528,2,-0.16679,3.448,0.0,0.31362
64538,2,-0.16679,3.448,0.0,0.31408
64548,2,-0.16679,3.448,0.0,0.31454
64558,2,-0.16679,3.4474,0.0,0.31501
64568,2,-0.16679,3.4474,0.0,0.31547
64578,2,-0.16679,3.4474,0.0,0.31593
64588,2,-0.16679,3.4474,0.0,0.3164
64598,2,-0.16679,3.4474,0.0,0.31686
64608,2,-0.16672,3.4471,0.0,0.31732
64618,2,-0.16679,3.4471,0.0,0.31779
64628,2,-0.16672,3.4471,0.0,0.31825
64638,2,-0.16679,3.4471,0.0,0.31871
64648,2,-0.16679,3.4471,0.0,0.31918
64658,2,-0.16679,3.4471,0.0,0.31964
64668,2,-0.16679,3.4468,0.0,0.3201
64678,2,-0.16672,3.4468,0.0,0.32057
64688,2,-0.16679,3.4468,0.0,0.32103
64698,2,-0.16672,3.4468,0.0,0.32149
64708,2,-0.16679,3.4468,0.0,0.32196
64718,2,-0.16679,3.4468,0.0,0.32242
64728,2,-0.16679,3.4464,0.0,0.32288
64738,2,-0.16679,3.4464,0.0,0.32335
64748,2,-0.16679,3.4464,0.0,0.32381
64758,2,-0.16679,3.4464,0.0,0.32427
64768,2,-0.16679,3.4464,0.0,0.32474
64778,2,-0.16679,3.4461,0.0,0.3252
64788,2,-0.16679,3.4461,0.0,0.32566
64798,2,-0.16679,3.4461,0.0,0.32613
64808,2,-0.16679,3.4461,0.0,0.32659
64818,2,-0.16679,3.4461,0.0,0.32705
64828,2,-0.16679,3.4461,0.0,0.32752
64838,2,-0.16679,3.4461,0.0,0.32798
64848,2,-0.16679,3.4458,0.0,0.32844
64858,2,-0.16672,3.4458,0.0,0.32891
64868,2,-0.16679,3.4458,0.0,0.32937
64878,2,-0.16679,3.4458,0.0,0.32983
64888,2,-0.16672,3.4458,0.0,0.3303
64898,2,-0.16679,3.4458,0.0,0.33076
64908,2,-0.16672,3.4455,0.0,0.33122
64918,2,-0.16679,3.4455,0.0,0.33169
64928,2,-0.16672,3.4455,0.0,0.33215
64938,2,-0.16679,3.4455,0.0,0.33261
64948,2,-0.16679,3.4455,0.0,0.33308
64958,2,-0.16679,3.4452,0.0,0.33354
64968,2,-0.16679,3.4452,0.0,0.334
64978,2,-0.16679,3.4452,0.0,0.33446
64988,2,-0.16679,3.4452,0.0,0.33493
64998,2,-0.16679,3.4452,0.0,0.33539
65008,2,-0.16679,3.4452,0.0,0.33585
65018,2,-0.16679,3.4452,0.0,0.33632
65028,2,-0.16679,3.4449,0.0,0.33678
65038,2,-0.16679,3.4449,0.0,0.33724
65048,2,-0.16679,3.4449,0.0,0.33771
65058,2,-0.16679,3.4449,0.0,0.33817
65068,2,-0.16679,3.4449,0.0,0.33863
65078,2,-0.16679,3.4446,0.0,0.3391
65088,2,-0.16679,3.4446,0.0,0.33956
65098,2,-0.16679,3.4446,0.0,0.34002
65108,2,-0.16679,3.4446,0.0,0.34049
65118,2,-0.16679,3.4446,0.0,0.34095
65128,2,-0.16679,3.4446,0.0,0.34141
65138,2,-0.16679,3.4446,0.0,0.34188
65148,2,-0.16679,3.4446,0.0,0.34234
65158,2,-0.16679,3.4443,0.0,0.3428
65168,2,-0.16679,3.4443,0.0,0.34327
65178,2,-0.16679,3.4443,0.0,0.34373
65188,2,-0.16679,3.4443,0.0,0.34419
65198,2,-0.16679,3.4443,0.0,0.34466
65208,2,-0.16672,3.444,0.0,0.34512
65218,2,-0.16679,3.444,0.0,0.34558
65228,2,-0.16679,3.444,0.0,0.34605
65238,2,-0.16679,3.444,0.0,0.34651
65248,2,-0.16679,3.444,0.0,0.34697
65258,2,-0.16679,3.4437,0.0,0.34744
65268,2,-0.16679,3.444,0.0,0.3479
65278,2,-0.16679,3.4437,0.0,0.34836
65288,2,-0.16679,3.4437,0.0,0.34883
65298,2,-0.16679,3.4437,0.0,0.34929
65308,2,-0.16679,3.4437,0.0,0.34975
65318,2,-0.16679,3.4437,0.0,0.35022
65328,2,-0.16679,3.4437,0.0,0.35068
65338,2,-0.16679,3.4433,0.0,0.35114
65348,2,-0.16679,3.4433,0.0,0.35161
65358,2,-0.16679,3.4433,0.0,0.35207
65368,2,-0.16679,3.4433,0.0,0.35253
65378,2,-0.16672,3.4433,0.0,0.353
65388,2,-0.16679,3.443,0.0,0.35346
65398,2,-0.16679,3.443,0.0,0.35392
65408,2,-0.16679,3.443,0.0,0.35439
65418,2,-0.16679,3.443,0.0,0.35485
65428,2,-0.16679,3.443,0.0,0.35531
65438,2,-0.16679,3.443,0.0,0.35578
65448,2,-0.16679,3.4427,0.0,0.35624
65458,2,-0.16679,3.4427,0.0,0.3567
65468,2,-0.16679,3.4427,0.0,0.35717
65478,2,-0.16679,3.4427,0.0,0.35763
65488,2,-0.16679,3.4427,0.0,0.35809
65498,2,-0.16679,3.4427,0.0,0.35856
65508,2,-0.16679,3.4427,0.0,0.35902
65518,2,-0.16679,3.4424,0.0,0.35948
65528,2,-0.16679,3.4424,0.0,0.35995
65538,2,-0.16679,3.4424,0.0,0.36041
65548,2,-0.16679,3.4424,0.0,0.36087
65558,2,-0.16679,3.4424,0.0,0.36134
65568,2,-0.16679,3.4424,0.0,0.3618
65578,2,-0.16679,3.4421,0.0,0.36226
65588,2,-0.16679,3.4424,0.0,0.36273
65598,2,-0.16679,3.4421,0.0,0.36319
65608,2,-0.16679,3.4421,0.0,0.36365
65618,2,-0.16679,3.4421,0.0,0.36412
65628,2,-0.16679,3.4421,0.0,0.36458
65638,2,-0.16679,3.4421,0.0,0.36504
65648,2,-0.16679,3.4418,0.0,0.36551
65658,2,-0.16679,3.4418,0.0,0.36597
65668,2,-0.16679,3.4418,0.0,0.36643
65678,2,-0.16679,3.4418,0.0,0.3669
65688,2,-0.16679,3.4418,0.0,0.36736
65698,2,-0.16679,3.4418,0.0,0.36782
65708,2,-0.16679,3.4418,0.0,0.36829
65718,2,-0.16679,3.4415,0.0,0.36875
65728,2,-0.16679,3.4415,0.0,0.36921
65738,2,-0.16679,3.4415,0.0,0.36968
65748,2,-0.16672,3.4415,0.0,0.37014
65758,2,-0.16679,3.4415,0.0,0.3706
65768,2,-0.16672,3.4412,0.0,0.37107
65778,2,-0.16672,3.4415,0.0,0.37153
65788,2,-0.16679,3.4412,0.0,0.37199
65798,2,-0.16679,3.4412,0.0,0.37246
65808,2,-0.16679,3.4412,0.0,0.37292
65818,2,-0.16672,3.4409,0.0,0.37338
65828,2,-0.16679,3.4412,0.0,0.37384
65838,2,-0.16679,3.4409,0.0,0.37431
65848,2,-0.16679,3.4409,0.0,0.37477
65858,2,-0.16679,3.4409,0.0,0.37523
65868,2,-0.16679,3.4409,0.0,0.3757
65878,2,-0.16679,3.4409,0.0,0.37616
65888,2,-0.16679,3.4409,0.0,0.37662
65898,2,-0.16679,3.4409,0.0,0.37709
65908,2,-0.16679,3.4406,0.0,0.37755
65918,2,-0.16679,3.4406,0.0,0.37801
65928,2,-0.16679,3.4406,0.0,0.37848
65938,2,-0.16679,3.4406,0.0,0.37894
65948,2,-0.16679,3.4406,0.0,0.3794
65958,2,-0.16679,3.4402,0.0,0.37987
65968,2,-0.16679,3.4402,0.0,0.38033
65978,2,-0.16679,3.4402,0.0,0.38079
65988,2,-0.16679,3.4402,0.0,0.38126
65998,2,-0.16679,3.4402,0.0,0.38172
66008,2,-0.16679,3.4402,0.0,0.38218
66018,2,-0.16679,3.4399,0.0,0.38265
66028,2,-0.16679,3.4399,0.0,0.38311
66038,2,-0.16679,3.4399,0.0,0.38357
66048,2,-0.16679,3.4399,0.0,0.38404
66058,2,-0.16679,3.4399,0.0,0.3845
66068,2,-0.16679,3.4399,0.0,0.38496
66078,2,-0.16679,3.4399,0.0,0.38543
66088,2,-0.16679,3.4399,0.0,0.38589
66098,2,-0.16672,3.4393,0.0,0.38635
66108,2,-0.16679,3.4393,0.0,0.38682
66118,2,-0.16679,3.4393,0.0,0.38728
66128,2,-0.16679,3.4393,0.0,0.38774
66138,2,-0.16679,3.4393,0.0,0.38821
66148,2,-0.16679,3.4393,0.0,0.38867
66158,2,-0.16672,3.439,0.0,0.38913
66168,2,-0.16679,3.439,0.0,0.3896
66178,2,-0.16679,3.439,0.0,0.39006
66188,2,-0.16679,3.439,0.0,0.39052
66198,2,-0.16679,3.439,0.0,0.39099
66208,2,-0.16679,3.439,0.0,0.39145
66218,2,-0.16679,3.439,0.0,0.39191
66228,2,-0.16679,3.4387,0.0,0.39238
66238,2,-0.16679,3.4387,0.0,0.39284
66248,2,-0.16679,3.4387,0.0,0.3933
66258,2,-0.16679,3.4387,0.0,0.39377
66268,2,-0.16679,3.4384,0.0,0.39423
66278,2,-0.16679,3.4384,0.0,0.39469
66288,2,-0.16679,3.4384,0.0,0.39516
66298,2,-0.16679,3.4384,0.0,0.39562
66308,2,-0.16679,3.4384,0.0,0.39608
66318,2,-0.16679,3.4384,0.0,0.39655
66328,2,-0.16679,3.4384,0.0,0.39701
66338,2,-0.16679,3.4381,0.0,0.39747
66348,2,-0.16679,3.4381,0.0,0.39794
66358,2,-0.16679,3.4381,0.0,0.3984
66368,2,-0.16679,3.4381,0.0,0.39886
66378,2,-0.16679,3.4381,0.0,0.39933
66388,2,-0.16679,3.4381,0.0,0.39979
66398,2,-0.16679,3.4381,0.0,0.40025
66408,2,-0.16679,3.4378,0.0,0.40072
66418,2,-0.16679,3.4378,0.0,0.40118
66428,2,-0.16679,3.4378,0.0,0.40164
66438,2,-0.16679,3.4378,0.0,0.40211
66448,2,-0.16679,3.4378,0.0,0.40257
66458,2,-0.16679,3.4378,0.0,0.40303
66468,2,-0.16679,3.4378,0.0,0.4035
66478,2,-0.16679,3.4375,0.0,0.40396
66488,2,-0.16679,3.4375,0.0,0.40442
66498,2,-0.16679,3.4375,0.0,0.40489
66508,2,-0.16679,3.4375,0.0,0.40535
66518,2,-0.16679,3.4375,0.0,0.40581
66528,2,-0.16679,3.4375,0.0,0.40628
66538,2,-0.16679,3.4371,0.0,0.40674
66548,2,-0.16679,3.4371,0.0,0.4072
66558,2,-0.16679,3.4371,0.0,0.40767
66568,2,-0.16679,3.4371,0.0,0.40813
66578,2,-0.16679,3.4371,0.0,0.40859
66588,2,-0.16679,3.4371,0.0,0.40906
66598,2,-0.16679,3.4368,0.0,0.40952
66608,2,-0.16679,3.4368,0.0,0.40998
66618,2,-0.16679,3.4368,0.0,0.41045
66628,2,-0.16679,3.4368,0.0,0.41091
66638,2,-0.16679,3.4368,0.0,0.41137
66648,2,-0.16679,3.4368,0.0,0.41184
66658,2,-0.16679,3.4365,0.0,0.4123
66668,2,-0.16679,3.4365,0.0,0.41276
66678,2,-0.16679,3.4365,0.0,0.41323
66688,2,-0.16679,3.4365,0.0,0.41369
66698,2,-0.16679,3.4365,0.0,0.41415
66708,2,-0.16679,3.4365,0.0,0.41462
66718,2,-0.16679,3.4365,0.0,0.41508
66728,2,-0.16679,3.4362,0.0,0.41554
66738,2,-0.16679,3.4362,0.0,0.41601
66748,2,-0.16679,3.4362,0.0,0.41647
66758,2,-0.16679,3.4362,0.0,0.41693
66768,2,-0.16679,3.4362,0.0,0.4174
66778,2,-0.16679,3.4362,0.0,0.41786
66788,2,-0.16679,3.4359,0.0,0.41832
66798,2,-0.16679,3.4359,0.0,0.41878
66808,2,-0.16679,3.4359,0.0,0.41925
66818,2,-0.16679,3.4359,0.0,0.41971
66828,2,-0.16679,3.4359,0.0,0.42017
66838,2,-0.16679,3.4356,0.0,0.42064
66848,2,-0.16679,3.4356,0.0,0.4211
66858,2,-0.16679,3.4356,0.0,0.42156
66868,2,-0.16679,3.4356,0.0,0.42203
66878,2,-0.16679,3.4356,0.0,0.42249
66888,2,-0.16679,3.4356,0.0,0.42295
66898,2,-0.16679,3.4353,0.0,0.42342
66908,2,-0.16679,3.4356,0.0,0.42388
66918,2,-0.16679,3.4353,0.0,0.42434
66928,2,-0.16679,3.4353,0.0,0.42481
66938,2,-0.16679,3.4353,0.0,0.42527
66948,2,-0.16679,3.4353,0.0,0.42573
66958,2,-0.16679,3.4353,0.0,0.4262
66968,2,-0.16679,3.435,0.0,0.42666
66978,2,-0.16679,3.435,0.0,0.42712
66988,2,-0.16679,3.435,0.0,0.42759
66998,2,-0.16679,3.435,0.0,0.42805
67008,2,-0.16679,3.435,0.0,0.42851
67018,2,-0.16679,3.4347,0.0,0.42898
67028,2,-0.16679,3.4347,0.0,0.42944
67038,2,-0.16679,3.4347,0.0,0.4299
67048,2,-0.16679,3.4347,0.0,0.43037
67058,2,-0.16679,3.4347,0.0,0.43083
67068,2,-0.16679,3.4347,0.0,0.43129
67078,2,-0.16679,3.4347,0.0,0.43176
67088,2,-0.16679,3.4343,0.0,0.43222
67098,2,-0.16672,3.4343,0.0,0.43268
67108,2,-0.16679,3.4343,0.0,0.43315
67118,2,-0.16679,3.4343,0.0,0.43361
67128,2,-0.16679,3.434,0.0,0.43407
67138,2,-0.16679,3.434,0.0,0.43454
67148,2,-0.16679,3.434,0.0,0.435
67158,2,-0.16679,3.434,0.0,0.43546
67168,2,-0.16679,3.434,0.0,0.43593
67178,2,-0.16679,3.434,0.0,0.43639
67188,2,-0.16679,3.434,0.0,0.43685
67198,2,-0.16679,3.434,0.0,0.43732
67208,2,-0.16679,3.4337,0.0,0.43778
67218,2,-0.16679,3.4337,0.0,0.43824
67228,2,-0.16679,3.4337,0.0,0.43871
67238,2,-0.16679,3.4337,0.0,0.43917
67248,2,-0.16679,3.4337,0.0,0.43963
67258,2,-0.16679,3.4334,0.0,0.4401
67268,2,-0.16679,3.4334,0.0,0.44056
67278,2,-0.16679,3.4334,0.0,0.44102
67288,2,-0.16679,3.4334,0.0,0.44149
67298,2,-0.16679,3.4334,0.0,0.44195
67308,2,-0.16679,3.4334,0.0,0.44241
67318,2,-0.16679,3.4334,0.0,0.44288
67328,2,-0.16679,3.4331,0.0,0.44334
67338,2,-0.16679,3.4331,0.0,0.4438
67348,2,-0.16679,3.4331,0.0,0.44427
67358,2,-0.16679,3.4331,0.0,0.44473
67368,2,-0.16679,3.4328,0.0,0.44519
67378,2,-0.16679,3.4328,0.0,0.44566
67388,2,-0.16679,3.4328,0.0,0.44612
67398,2,-0.16679,3.4328,0.0,0.44658
67408,2,-0.16679,3.4328,0.0,0.44705
67418,2,-0.16679,3.4328,0.0,0.44751
67428,2,-0.16679,3.4325,0.0,0.44797
67438,2,-0.16679,3.4325,0.0,0.44844
67448,2,-0.16679,3.4325,0.0,0.4489
67458,2,-0.16679,3.4325,0.0,0.44936
67468,2,-0.16679,3.4325,0.0,0.44983
67478,2,-0.16679,3.4322,0.0,0.45029
67488,2,-0.16679,3.4322,0.0,0.45075
67498,2,-0.16679,3.4322,0.0,0.45122
67508,2,-0.16679,3.4322,0.0,0.45168
67518,2,-0.16679,3.4322,0.0,0.45214
67528,2,-0.16679,3.4322,0.0,0.45261
67538,2,-0.16679,3.4316,0.0,0.45307
67548,2,-0.16679,3.4316,0.0,0.45353
67558,2,-0.16679,3.4316,0.0,0.454
67568,2,-0.16679,3.4316,0.0,0.45446
67578,2,-0.16679,3.4316,0.0,0.45492
67588,2,-0.16679,3.4316,0.0,0.45539
67598,2,-0.16679,3.4312,0.0,0.45585
67608,2,-0.16679,3.4312,0.0,0.45631
67618,2,-0.16679,3.4312,0.0,0.45678
67628,2,-0.16679,3.4312,0.0,0.45724
67638,2,-0.16679,3.4312,0.0,0.4577
67648,2,-0.16679,3.4312,0.0,0.45817
67658,2,-0.16679,3.4309,0.0,0.45863
67668,2,-0.16679,3.4309,0.0,0.45909
67678,2,-0.16679,3.4309,0.0,0.45956
67688,2,-0.16679,3.4309,0.0,0.46002
67698,2,-0.16679,3.4309,0.0,0.46048
67708,2,-0.16679,3.4309,0.0,0.46095
67718,2,-0.16679,3.4306,0.0,0.46141
67728,2,-0.16679,3.4306,0.0,0.46187
67738,2,-0.16679,3.4306,0.0,0.46234
67748,2,-0.16679,3.4306,0.0,0.4628
67758,2,-0.16679,3.4306,0.0,0.46326
67768,2,-0.16679,3.4306,0.0,0.46373
67778,2,-0.16679,3.4303,0.0,0.46419
67788,2,-0.16679,3.4303,0.0,0.46465
67798,2,-0.16679,3.4303,0.0,0.46512
67808,2,-0.16679,3.4303,0.0,0.46558
67818,2,-0.16679,3.43,0.0,0.46604
67828,2,-0.16679,3.43,0.0,0.46651
67838,2,-0.16679,3.43,0.0,0.46697
67848,2,-0.16679,3.43,0.0,0.46743
67858,2,-0.16679,3.43,0.0,0.4679
67868,2,-0.16679,3.4297,0.0,0.46836
67878,2,-0.16679,3.4297,0.0,0.46882
67888,2,-0.16679,3.4297,0.0,0.46929
67898,2,-0.16679,3.4297,0.0,0.46975
67908,2,-0.16679,3.4297,0.0,0.47021
67918,2,-0.16679,3.4297,0.0,0.47067
67928,2,-0.16679,3.4294,0.0,0.47114
67938,2,-0.16679,3.4294,0.0,0.4716
67948,2,-0.16679,3.4294,0.0,0.47206
67958,2,-0.16679,3.4294,0.0,0.47253
67968,2,-0.16679,3.4294,0.0,0.47299
67978,2,-0.16679,3.4294,0.0,0.47345
67988,2,-0.16679,3.4291,0.0,0.47392
67998,2,-0.16679,3.4291,0.0,0.47438
68008,2,-0.16679,3.4291,0.0,0.47484
68018,2,-0.16679,3.4291,0.0,0.47531
68028,2,-0.16679,3.4291,0.0,0.47577
68038,2,-0.16679,3.4288,0.0,0.47623
68048,2,-0.16679,3.4288,0.0,0.4767
68058,2,-0.16679,3.4288,0.0,0.47716
68068,2,-0.16679,3.4288,0.0,0.47762
68078,2,-0.16679,3.4288,0.0,0.47809
68088,2,-0.16679,3.4285,0.0,0.47855
68098,2,-0.16679,3.4285,0.0,0.47901
68108,2,-0.16679,3.4285,0.0,0.47948
68118,2,-0.16679,3.4285,0.0,0.47994
68128,2,-0.16679,3.4285,0.0,0.4804
68138,2,-0.16679,3.4285,0.0,0.48087
68148,2,-0.16679,3.4281,0.0,0.48133
68158,2,-0.16679,3.4281,0.0,0.48179
68168,2,-0.16679,3.4281,0.0,0.48226
68178,2,-0.16679,3.4281,0.0,0.48272
68188,2,-0.16679,3.4281,0.0,0.48318
68198,2,-0.16679,3.4278,0.0,0.48365
68208,2,-0.16679,3.4278,0.0,0.48411
68218,2,-0.16679,3.4278,0.0,0.48457
68228,2,-0.16679,3.4278,0.0,0.48504
68238,2,-0.16679,3.4275,0.0,0.4855
68248,2,-0.16679,3.4275,0.0,0.48596
68258,2,-0.16679,3.4275,0.0,0.48643
68268,2,-0.16679,3.4275,0.0,0.48689
68278,2,-0.16679,3.4275,0.0,0.48735
68288,2,-0.16679,3.4275,0.0,0.48782
68298,2,-0.16679,3.4272,0.0,0.48828
68308,2,-0.16679,3.4272,0.0,0.48874
68318,2,-0.16679,3.4272,0.0,0.48921
68328,2,-0.16679,3.4272,0.0,0.48967
68338,2,-0.16679,3.4272,0.0,0.49013
68348,2,-0.16679,3.4269,0.0,0.4906
68358,2,-0.16679,3.4269,0.0,0.49106
68368,2,-0.16679,3.4269,0.0,0.49152
68378,2,-0.16679,3.4269,0.0,0.49199
68388,2,-0.16679,3.4266,0.0,0.49245
68398,2,-0.16679,3.4266,0.0,0.49291
68408,2,-0.16679,3.4266,0.0,0.49338
68418,2,-0.16679,3.4266,0.0,0.49384
68428,2,-0.16679,3.4266,0.0,0.4943
68438,2,-0.16679,3.4266,0.0,0.49477
68448,2,-0.16679,3.4263,0.0,0.49523
68458,2,-0.16679,3.4263,0.0,0.49569
68468,2,-0.16679,3.4263,0.0,0.49616
68478,2,-0.16679,3.4263,0.0,0.49662
68488,2,-0.16679,3.4263,0.0,0.49708
68498,2,-0.16679,3.426,0.0,0.49755
68508,2,-0.16679,3.426,0.0,0.49801
68518,2,-0.16679,3.426,0.0,0.49847
68528,2,-0.16679,3.426,0.0,0.49894
68538,2,-0.16679,3.4257,0.0,0.4994
68548,2,-0.16679,3.4257,0.0,0.49986
68558,2,-0.16679,3.4257,0.0,0.50033
68568,2,-0.16679,3.4257,0.0,0.50079
68578,2,-0.16679,3.4257,0.0,0.50125
68588,2,-0.16679,3.4254,0.0,0.50172
68598,2,-0.16679,3.4254,0.0,0.50218
68608,2,-0.16679,3.4254,0.0,0.50264
68618,2,-0.16679,3.4254,0.0,0.50311
68628,2,-0.16679,3.425,0.0,0.50357
68638,2,-0.16679,3.425,0.0,0.50403
68648,2,-0.16679,3.425,0.0,0.5045
68658,2,-0.16679,3.425,0.0,0.50496
68668,2,-0.16679,3.425,0.0,0.50542
68678,2,-0.16679,3.4247,0.0,0.50589
68688,2,-0.16679,3.4247,0.0,0.50635
68698,2,-0.16679,3.4247,0.0,0.50681
68708,2,-0.16679,3.4247,0.0,0.50728
68718,2,-0.16679,3.4244,0.0,0.50774
68728,2,-0.16679,3.4244,0.0,0.5082
68738,2,-0.16679,3.4244,0.0,0.50867
68748,2,-0.16679,3.4244,0.0,0.50913
68758,2,-0.16679,3.4244,0.0,0.50959
68768,2,-0.16679,3.4244,0.0,0.51006
68778,2,-0.16679,3.4244,0.0,0.51052
68788,2,-0.16679,3.4238,0.0,0.51098
68798,2,-0.16679,3.4238,0.0,0.51145
68808,2,-0.16679,3.4238,0.0,0.51191
68818,2,-0.16679,3.4235,0.0,0.51237
68828,2,-0.16679,3.4235,0.0,0.51284
68838,2,-0.16679,3.4235,0.0,0.5133
68848,2,-0.16679,3.4235,0.0,0.51376
68858,2,-0.16679,3.4235,0.0,0.51423
68868,2,-0.16679,3.4232,0.0,0.51469
68878,2,-0.16679,3.4232,0.0,0.51515
68888,2,-0.16679,3.4232,0.0,0.51562
68898,2,-0.16679,3.4232,0.0,0.51608
68908,2,-0.16679,3.4229,0.0,0.51654
68918,2,-0.16679,3.4229,0.0,0.51701
68928,2,-0.16679,3.4229,0.0,0.51747
68938,2,-0.16679,3.4229,0.0,0.51793
68948,2,-0.16679,3.4226,0.0,0.5184
68958,2,-0.16679,3.4226,0.0,0.51886
68968,2,-0.16679,3.4226,0.0,0.51932
68978,2,-0.16679,3.4226,0.0,0.51979
68988,2,-0.16679,3.4226,0.0,0.52025
68998,2,-0.16679,3.4223,0.0,0.52071
69008,2,-0.16679,3.4223,0.0,0.52118
69018,2,-0.16679,3.4223,0.0,0.52164
69028,2,-0.16679,3.4223,0.0,0.5221
69038,2,-0.16679,3.4219,0.0,0.52256
69048,2,-0.16679,3.4219,0.0,0.52303
69058,2,-0.16679,3.4219,0.0,0.52349
69068,2,-0.16679,3.4219,0.0,0.52395
69078,2,-0.16679,3.4219,0.0,0.52442
69088,2,-0.16679,3.4216,0.0,0.52488
69098,2,-0.16679,3.4216,0.0,0.52534
69108,2,-0.16679,3.4216,0.0,0.52581
69118,2,-0.16679,3.4216,0.0,0.52627
69128,2,-0.16679,3.4213,0.0,0.52673
69138,2,-0.16679,3.4213,0.0,0.5272
69148,2,-0.16679,3.4213,0.0,0.52766
69158,2,-0.16679,3.4213,0.0,0.52812
69168,2,-0.16679,3.421,0.0,0.52859
69178,2,-0.16679,3.421,0.0,0.52905
69188,2,-0.16679,3.421,0.0,0.52951
69198,2,-0.16679,3.421,0.0,0.52998
69208,2,-0.16679,3.4207,0.0,0.53044
69218,2,-0.16679,3.4207,0.0,0.5309
69228,2,-0.16679,3.4207,0.0,0.53137
69238,2,-0.16679,3.4204,0.0,0.53183
69248,2,-0.16679,3.4204,0.0,0.53229
69258,2,-0.16679,3.4204,0.0,0.53276
69268,2,-0.16679,3.4204,0.0,0.53322
69278,2,-0.16679,3.4201,0.0,0.53368
69288,2,-0.16679,3.4201,0.0,0.53415
69298,2,-0.16679,3.4201,0.0,0.53461
69308,2,-0.16679,3.4201,0.0,0.53507
69318,2,-0.16679,3.4201,0.0,0.53554
69328,2,-0.16679,3.4201,0.0,0.536
69338,2,-0.16679,3.4198,0.0,0.53646
69348,2,-0.16679,3.4198,0.0,0.53693
69358,2,-0.16679,3.4195,0.0,0.53739
69368,2,-0.16679,3.4195,0.0,0.53785
69378,2,-0.16679,3.4195,0.0,0.53832
69388,2,-0.16679,3.4195,0.0,0.53878
69398,2,-0.16679,3.4192,0.0,0.53924
69408,2,-0.16679,3.4192,0.0,0.53971
69418,2,-0.16679,3.4192,0.0,0.54017
69428,2,-0.16679,3.4192,0.0,0.54063
69438,2,-0.16679,3.4192,0.0,0.5411
69448,2,-0.16679,3.4188,0.0,0.54156
69458,2,-0.16679,3.4188,0.0,0.54202
69468,2,-0.16679,3.4188,0.0,0.54249
69478,2,-0.16679,3.4185,0.0,0.54295
69488,2,-0.16679,3.4185,0.0,0.54341
69498,2,-0.16679,3.4185,0.0,0.54388
69508,2,-0.16679,3.4185,0.0,0.54434
69518,2,-0.16679,3.4185,0.0,0.5448
69528,2,-0.16679,3.4182,0.0,0.54527
69538,2,-0.16679,3.4182,0.0,0.54573
69548,2,-0.16679,3.4179,0.0,0.54619
69558,2,-0.16679,3.4179,0.0,0.54666
69568,2,-0.16679,3.4179,0.0,0.54712
69578,2,-0.16679,3.4179,0.0,0.54758
69588,2,-0.16679,3.4176,0.0,0.54805
69598,2,-0.16679,3.4176,0.0,0.54851
69608,2,-0.16679,3.4176,0.0,0.54897
69618,2,-0.16679,3.4176,0.0,0.54944
69628,2,-0.16679,3.4173,0.0,0.5499
69638,2,-0.16679,3.4173,0.0,0.55036
69648,2,-0.16679,3.4173,0.0,0.55083
69658,2,-0.16679,3.417,0.0,0.55129
69668,2,-0.16679,3.417,0.0,0.55175
69678,2,-0.16679,3.417,0.0,0.55222
69688,2,-0.16679,3.417,0.0,0.55268
69698,2,-0.16679,3.4167,0.0,0.55314
69708,2,-0.16679,3.4167,0.0,0.55361
69718,2,-0.16679,3.4167,0.0,0.55407
69728,2,-0.16679,3.4167,0.0,0.55453
69738,2,-0.16679,3.4161,0.0,0.555
69748,2,-0.16679,3.4161,0.0,0.55546
69758,2,-0.16679,3.4161,0.0,0.55592
69768,2,-0.16679,3.4157,0.0,0.55639
69778,2,-0.16679,3.4157,0.0,0.55685
69788,2,-0.16679,3.4157,0.0,0.55731
69798,2,-0.16679,3.4157,0.0,0.55778
69808,2,-0.16679,3.4154,0.0,0.55824
69818,2,-0.16679,3.4154,0.0,0.5587
69828,2,-0.16679,3.4151,0.0,0.55917
69838,2,-0.16679,3.4151,0.0,0.55963
69848,2,-0.16679,3.4151,0.0,0.56009
69858,2,-0.16679,3.4148,0.0,0.56056
69868,2,-0.16679,3.4148,0.0,0.56102
69878,2,-0.16679,3.4148,0.0,0.56148
69888,2,-0.16679,3.4148,0.0,0.56195
69898,2,-0.16679,3.4145,0.0,0.56241
69908,2,-0.16679,3.4145,0.0,0.56287
69918,2,-0.16679,3.4145,0.0,0.56334
69928,2,-0.16679,3.4142,0.0,0.5638
69938,2,-0.16679,3.4142,0.0,0.56426
69948,2,-0.16679,3.4142,0.0,0.56473
69958,2,-0.16679,3.4139,0.0,0.56519
69968,2,-0.16679,3.4139,0.0,0.56565
69978,2,-0.16679,3.4139,0.0,0.56612
69988,2,-0.16679,3.4139,0.0,0.56658
69998,2,-0.16679,3.4136,0.0,0.56704
70008,2,-0.16679,3.4136,0.0,0.56751
70018,2,-0.16679,3.4136,0.0,0.56797
70028,2,-0.16679,3.4133,0.0,0.56843
70038,2,-0.16679,3.4133,0.0,0.5689
70048,2,-0.16679,3.413,0.0,0.56936
70058,2,-0.16679,3.413,0.0,0.56982
70068,2,-0.16679,3.413,0.0,0.57029
70078,2,-0.16679,3.4126,0.0,0.57075
70088,2,-0.16679,3.4126,0.0,0.57121
70098,2,-0.16679,3.4126,0.0,0.57168
70108,2,-0.16679,3.4126,0.0,0.57214
70118,2,-0.16679,3.4123,0.0,0.5726
70128,2,-0.16679,3.4123,0.0,0.57307
70138,2,-0.16679,3.412,0.0,0.57353
70148,2,-0.16679,3.412,0.0,0.57399
70158,2,-0.16679,3.412,0.0,0.57446
70168,2,-0.16679,3.412,0.0,0.57492
70178,2,-0.16679,3.4117,0.0,0.57538
70188,2,-0.16679,3.4117,0.0,0.57584
70198,2,-0.16679,3.4114,0.0,0.57631
70208,2,-0.16679,3.4114,0.0,0.57677
70218,2,-0.16679,3.4114,0.0,0.57723
70228,2,-0.16679,3.4111,0.0,0.5777
70238,2,-0.16679,3.4111,0.0,0.57816
70248,2,-0.16679,3.4111,0.0,0.57862
70258,2,-0.16679,3.4108,0.0,0.57909
70268,2,-0.16679,3.4108,0.0,0.57955
70278,2,-0.16679,3.4108,0.0,0.58001
70288,2,-0.16679,3.4105,0.0,0.58048
70298,2,-0.16679,3.4105,0.0,0.58094
70308,2,-0.16679,3.4102,0.0,0.5814
70318,2,-0.16679,3.4102,0.0,0.58187
70328,2,-0.16679,3.4102,0.0,0.58233
70338,2,-0.16679,3.4099,0.0,0.58279
70348,2,-0.16679,3.4099,0.0,0.58326
70358,2,-0.16679,3.4099,0.0,0.58372
70368,2,-0.16679,3.4095,0.0,0.58418
70378,2,-0.16679,3.4095,0.0,0.58465
70388,2,-0.16679,3.4092,0.0,0.58511
70398,2,-0.16679,3.4092,0.0,0.58557
70408,2,-0.16679,3.4089,0.0,0.58604
70418,2,-0.16679,3.4089,0.0,0.5865
70428,2,-0.16679,3.4089,0.0,0.58696
70438,2,-0.16679,3.4086,0.0,0.58743
70448,2,-0.16679,3.4086,0.0,0.58789
70458,2,-0.16679,3.408,0.0,0.58835
70468,2,-0.16679,3.408,0.0,0.58882
70478,2,-0.16679,3.408,0.0,0.58928
70488,2,-0.16679,3.4077,0.0,0.58974
70498,2,-0.16679,3.4077,0.0,0.59021
70508,2,-0.16679,3.4074,0.0,0.59067
70518,2,-0.16679,3.4074,0.0,0.59113
70528,2,-0.16679,3.4074,0.0,0.5916
70538,2,-0.16679,3.4071,0.0,0.59206
70548,2,-0.16679,3.4071,0.0,0.59252
70558,2,-0.16679,3.4068,0.0,0.59299
70568,2,-0.16679,3.4068,0.0,0.59345
70578,2,-0.16679,3.4064,0.0,0.59391
70588,2,-0.16679,3.4064,0.0,0.59438
70598,2,-0.16679,3.4061,0.0,0.59484
70608,2,-0.16679,3.4061,0.0,0.5953
70618,2,-0.16679,3.4061,0.0,0.59577
70628,2,-0.16679,3.4058,0.0,0.59623
70638,2,-0.16679,3.4058,0.0,0.59669
70648,2,-0.16679,3.4055,0.0,0.59716
70658,2,-0.16679,3.4055,0.0,0.59762
70668,2,-0.16679,3.4052,0.0,0.59808
70678,2,-0.16679,3.4052,0.0,0.59855
70688,2,-0.16679,3.4049,0.0,0.59901
70698,2,-0.16679,3.4049,0.0,0.59947
70708,2,-0.16679,3.4046,0.0,0.59994
70718,2,-0.16679,3.4046,0.0,0.6004
70728,2,-0.16679,3.4046,0.0,0.60086
70738,2,-0.16679,3.4043,0.0,0.60133
70748,2,-0.16679,3.404,0.0,0.60179
70758,2,-0.16679,3.404,0.0,0.60225
70768,2,-0.16679,3.4037,0.0,0.60272
70778,2,-0.16679,3.4037,0.0,0.60318
70788,2,-0.16679,3.4033,0.0,0.60364
70798,2,-0.16679,3.4033,0.0,0.60411
70808,2,-0.16679,3.403,0.0,0.60457
70818,2,-0.16679,3.403,0.0,0.60503
70828,2,-0.16679,3.4027,0.0,0.6055
70838,2,-0.16679,3.4027,0.0,0.60596
70848,2,-0.16679,3.4024,0.0,0.60642
70858,2,-0.16679,3.4024,0.0,0.60689
70868,2,-0.16679,3.4021,0.0,0.60735
70878,2,-0.16679,3.4021,0.0,0.60781
70888,2,-0.16679,3.4018,0.0,0.60828
70898,2,-0.16679,3.4015,0.0,0.60874
70908,2,-0.16679,3.4015,0.0,0.6092
70918,2,-0.16679,3.4012,0.0,0.60967
70928,2,-0.16679,3.4012,0.0,0.61013
70938,2,-0.16679,3.4009,0.0,0.61059
70948,2,-0.16679,3.4009,0.0,0.61106
70958,2,-0.16679,3.4002,0.0,0.61152
70968,2,-0.16679,3.3999,0.0,0.61198
70978,2,-0.16679,3.3999,0.0,0.61245
70988,2,-0.16679,3.3996,0.0,0.61291
70998,2,-0.16679,3.3996,0.0,0.61337
71008,2,-0.16679,3.3993,0.0,0.61384
71018,2,-0.16679,3.399,0.0,0.6143
71028,2,-0.16679,3.399,0.0,0.61476
71038,2,-0.16679,3.3987,0.0,0.61523
71048,2,-0.16679,3.3987,0.0,0.61569
71058,2,-0.16679,3.3984,0.0,0.61615
71068,2,-0.16679,3.3981,0.0,0.61662
71078,2,-0.16679,3.3981,0.0,0.61708
71088,2,-0.16679,3.3978,0.0,0.61754
71098,2,-0.16679,3.3978,0.0,0.61801
71108,2,-0.16679,3.3975,0.0,0.61847
71118,2,-0.16679,3.3971,0.0,0.61893
71128,2,-0.16679,3.3968,0.0,0.6194
71138,2,-0.16679,3.3968,0.0,0.61986
71148,2,-0.16679,3.3965,0.0,0.62032
71158,2,-0.16679,3.3962,0.0,0.62079
71168,2,-0.16679,3.3962,0.0,0.62125
71178,2,-0.16679,3.3959,0.0,0.62171
71188,2,-0.16679,3.3956,0.0,0.62218
71198,2,-0.16679,3.3956,0.0,0.62264
71208,2,-0.16679,3.3953,0.0,0.6231
71218,2,-0.16679,3.395,0.0,0.62357
71228,2,-0.16679,3.395,0.0,0.62403
71238,2,-0.16679,3.3947,0.0,0.62449
71248,2,-0.16679,3.3944,0.0,0.62496
71258,2,-0.16679,3.3944,0.0,0.62542
71268,2,-0.16679,3.394,0.0,0.62588
71278,2,-0.16679,3.3937,0.0,0.62635
71288,2,-0.16679,3.3934,0.0,0.62681
71298,2,-0.16679,3.3931,0.0,0.62727
71308,2,-0.16679,3.3931,0.0,0.62774
71318,2,-0.16679,3.3925,0.0,0.6282
71328,2,-0.16679,3.3922,0.0,0.62866
71338,2,-0.16679,3.3919,0.0,0.62912
71348,2,-0.16679,3.3919,0.0,0.62959
71358,2,-0.16679,3.3916,0.0,0.63005
71368,2,-0.16679,3.3913,0.0,0.63052
71378,2,-0.16679,3.3909,0.0,0.63098
71388,2,-0.16679,3.3906,0.0,0.63144
71398,2,-0.16679,3.3906,0.0,0.6319
71408,2,-0.16679,3.3903,0.0,0.63237
71418,2,-0.16679,3.39,0.0,0.63283
71428,2,-0.16679,3.3897,0.0,0.63329
71438,2,-0.16679,3.3894,0.0,0.63376
71448,2,-0.16679,3.3891,0.0,0.63422
71458,2,-0.16679,3.3888,0.0,0.63468
71468,2,-0.16679,3.3888,0.0,0.63515
71478,2,-0.16679,3.3885,0.0,0.63561
71488,2,-0.16679,3.3882,0.0,0.63607
71498,2,-0.16679,3.3878,0.0,0.63654
71508,2,-0.16679,3.3878,0.0,0.637
71518,2,-0.16679,3.3872,0.0,0.63746
71528,2,-0.16679,3.3872,0.0,0.63793
71538,2,-0.16679,3.3866,0.0,0.63839
71548,2,-0.16679,3.3866,0.0,0.63885
71558,2,-0.16679,3.3863,0.0,0.63932
71568,2,-0.16679,3.386,0.0,0.63978
71578,2,-0.16679,3.3857,0.0,0.64024
71588,2,-0.16679,3.3854,0.0,0.64071
71598,2,-0.16679,3.3847,0.0,0.64117
71608,2,-0.16679,3.3847,0.0,0.64163
71618,2,-0.16679,3.3844,0.0,0.6421
71628,2,-0.16679,3.3841,0.0,0.64256
71638,2,-0.16679,3.3838,0.0,0.64302
71648,2,-0.16679,3.3835,0.0,0.64349
71658,2,-0.16679,3.3832,0.0,0.64395
71668,2,-0.16679,3.3829,0.0,0.64441
71678,2,-0.16679,3.3826,0.0,0.64488
71688,2,-0.16679,3.3823,0.0,0.64534
71698,2,-0.16679,3.382,0.0,0.6458
71708,2,-0.16679,3.3816,0.0,0.64627
71718,2,-0.16679,3.3813,0.0,0.64673
71728,2,-0.16679,3.3807,0.0,0.64719
71738,2,-0.16679,3.3804,0.0,0.64766
71748,2,-0.16679,3.3801,0.0,0.64812
71758,2,-0.16679,3.3798,0.0,0.64858
71768,2,-0.16679,3.3795,0.0,0.64905
71778,2,-0.16679,3.3792,0.0,0.64951
71788,2,-0.16679,3.3789,0.0,0.64997
71798,2,-0.16679,3.3785,0.0,0.65044
71808,2,-0.16679,3.3782,0.0,0.6509
71818,2,-0.16679,3.3779,0.0,0.65136
71828,2,-0.16679,3.3776,0.0,0.65183
71838,2,-0.16679,3.3773,0.0,0.65229
71848,2,-0.16679,3.377,0.0,0.65275
71858,2,-0.16679,3.3767,0.0,0.65322
71868,2,-0.16679,3.3764,0.0,0.65368
71878,2,-0.16679,3.3761,0.0,0.65414
71888,2,-0.16679,3.3758,0.0,0.65461
71898,2,-0.16679,3.3754,0.0,0.65507
71908,2,-0.16679,3.3748,0.0,0.65553
71918,2,-0.16679,3.3745,0.0,0.656
71928,2,-0.16679,3.3742,0.0,0.65646
71938,2,-0.16679,3.3739,0.0,0.65692
71948,2,-0.16679,3.3736,0.0,0.65739
71958,2,-0.16679,3.373,0.0,0.65785
71968,2,-0.16679,3.3727,0.0,0.65831
71978,2,-0.16679,3.3723,0.0,0.65878
71988,2,-0.16679,3.372,0.0,0.65924
71998,2,-0.16679,3.3717,0.0,0.6597
72008,2,-0.16679,3.3711,0.0,0.66017
72018,2,-0.16679,3.3711,0.0,0.66063
72028,2,-0.16679,3.3705,0.0,0.66109
72038,2,-0.16679,3.3702,0.0,0.66156
72048,2,-0.16679,3.3699,0.0,0.66202
72058,2,-0.16679,3.3696,0.0,0.66248
72068,2,-0.16679,3.3692,0.0,0.66295
72078,2,-0.16679,3.3689,0.0,0.66341
72088,2,-0.16679,3.3683,0.0,0.66387
72098,2,-0.16679,3.3683,0.0,0.66434
72108,2,-0.16679,3.3677,0.0,0.6648
72118,2,-0.16679,3.3674,0.0,0.66526
72128,2,-0.16679,3.3671,0.0,0.66573
72138,2,-0.16679,3.3668,0.0,0.66619
72148,2,-0.16679,3.3665,0.0,0.66665
72158,2,-0.16679,3.3658,0.0,0.66712
72168,2,-0.16679,3.3652,0.0,0.66758
72178,2,-0.16679,3.3649,0.0,0.66804
72188,2,-0.16679,3.3646,0.0,0.66851
72198,2,-0.16679,3.3643,0.0,0.66897
72208,2,-0.16679,3.3637,0.0,0.66943
72218,2,-0.16679,3.3634,0.0,0.6699
72228,2,-0.16679,3.363,0.0,0.67036
72238,2,-0.16679,3.3627,0.0,0.67082
72248,2,-0.16679,3.3624,0.0,0.67129
72258,2,-0.16679,3.3621,0.0,0.67175
72268,2,-0.16679,3.3615,0.0,0.67221
72278,2,-0.16679,3.3612,0.0,0.67268
72288,2,-0.16679,3.3609,0.0,0.67314
72298,2,-0.16679,3.3606,0.0,0.6736
72308,2,-0.16679,3.3603,0.0,0.67407
72318,2,-0.16679,3.3596,0.0,0.67453
72328,2,-0.16679,3.3593,0.0,0.67499
72338,2,-0.16679,3.359,0.0,0.67546
72348,2,-0.16679,3.3587,0.0,0.67592
72358,2,-0.16679,3.3584,0.0,0.67638
72368,2,-0.16679,3.3575,0.0,0.67685
72378,2,-0.16679,3.3572,0.0,0.67731
72388,2,-0.16679,3.3568,0.0,0.67777
72398,2,-0.16679,3.3565,0.0,0.67824
72408,2,-0.16679,3.3559,0.0,0.6787
72418,2,-0.16679,3.3556,0.0,0.67916
72428,2,-0.16679,3.3553,0.0,0.67963
72438,2,-0.16679,3.355,0.0,0.68009
72448,2,-0.16679,3.3544,0.0,0.68055
72458,2,-0.16679,3.3541,0.0,0.68102
72468,2,-0.16679,3.3537,0.0,0.68148
72478,2,-0.16679,3.3534,0.0,0.68194
72488,2,-0.16679,3.3528,0.0,0.68241
72498,2,-0.16679,3.3525,0.0,0.68287
72508,2,-0.16679,3.3522,0.0,0.68333
72518,2,-0.16679,3.3519,0.0,0.6838
72528,2,-0.16679,3.3513,0.0,0.68426
72538,2,-0.16679,3.351,0.0,0.68472
72548,2,-0.16679,3.3506,0.0,0.68518
72558,2,-0.16679,3.3503,0.0,0.68565
72568,2,-0.16679,3.3494,0.0,0.68611
72578,2,-0.16679,3.3491,0.0,0.68657
72588,2,-0.16679,3.3488,0.0,0.68704
72598,2,-0.16679,3.3485,0.0,0.6875
72608,2,-0.16679,3.3479,0.0,0.68796
72618,2,-0.16679,3.3475,0.0,0.68843
72628,2,-0.16679,3.3472,0.0,0.68889
72638,2,-0.16679,3.3466,0.0,0.68935
72648,2,-0.16679,3.3463,0.0,0.68982
72658,2,-0.16679,3.346,0.0,0.69028
72668,2,-0.16679,3.3454,0.0,0.69074
72678,2,-0.16679,3.3451,0.0,0.69121
72688,2,-0.16679,3.3448,0.0,0.69167
72698,2,-0.16679,3.3444,0.0,0.69213
72708,2,-0.16679,3.3438,0.0,0.6926
72718,2,-0.16679,3.3435,0.0,0.69306
72728,2,-0.16679,3.3432,0.0,0.69352
72738,2,-0.16679,3.3426,0.0,0.69399
72748,2,-0.16679,3.3423,0.0,0.69445
72758,2,-0.16679,3.3417,0.0,0.69491
72768,2,-0.16679,3.341,0.0,0.69538
72778,2,-0.16679,3.3407,0.0,0.69584
72788,2,-0.16679,3.3404,0.0,0.6963
72798,2,-0.16679,3.3398,0.0,0.69677
72808,2,-0.16679,3.3395,0.0,0.69723
72818,2,-0.16679,3.3392,0.0,0.69769
72828,2,-0.16679,3.3386,0.0,0.69816
72838,2,-0.16679,3.3382,0.0,0.69862
72848,2,-0.16679,3.3379,0.0,0.69908
72858,2,-0.16679,3.3373,0.0,0.69955
72868,2,-0.16679,3.337,0.0,0.70001
72878,2,-0.16679,3.3367,0.0,0.70047
72888,2,-0.16679,3.3361,0.0,0.70094
72898,2,-0.16679,3.3358,0.0,0.7014
72908,2,-0.16679,3.3351,0.0,0.70186
72918,2,-0.16679,3.3348,0.0,0.70233
72928,2,-0.16679,3.3345,0.0,0.70279
72938,2,-0.16679,3.3336,0.0,0.70325
72948,2,-0.16679,3.3333,0.0,0.70372
72958,2,-0.16679,3.333,0.0,0.70418
72968,2,-0.16679,3.3324,0.0,0.70464
72978,2,-0.16679,3.332,0.0,0.70511
72988,2,-0.16679,3.3314,0.0,0.70557
72998,2,-0.16679,3.3311,0.0,0.70603
73008,2,-0.16679,3.3308,0.0,0.7065
73018,2,-0.16679,3.3302,0.0,0.70696
73028,2,-0.16679,3.3299,0.0,0.70742
73038,2,-0.16679,3.3293,0.0,0.70789
73048,2,-0.16679,3.3289,0.0,0.70835
73058,2,-0.16679,3.3286,0.0,0.70881
73068,2,-0.16679,3.328,0.0,0.70928
73078,2,-0.16679,3.3277,0.0,0.70974
73088,2,-0.16679,3.3271,0.0,0.7102
73098,2,-0.16679,3.3268,0.0,0.71067
73108,2,-0.16679,3.3262,0.0,0.71113
73118,2,-0.16679,3.3255,0.0,0.71159
73128,2,-0.16679,3.3249,0.0,0.71206
73138,2,-0.16679,3.3246,0.0,0.71252
73148,2,-0.16679,3.3243,0.0,0.71298
73158,2,-0.16679,3.3237,0.0,0.71345
73168,2,-0.16679,3.3234,0.0,0.71391
73178,2,-0.16679,3.3227,0.0,0.71437
73188,2,-0.16679,3.3224,0.0,0.71484
73198,2,-0.16679,3.3221,0.0,0.7153
73208,2,-0.16679,3.3215,0.0,0.71576
73218,2,-0.16679,3.3212,0.0,0.71623
73228,2,-0.16679,3.3206,0.0,0.71669
73238,2,-0.16679,3.3203,0.0,0.71715
73248,2,-0.16679,3.3196,0.0,0.71762
73258,2,-0.16679,3.3193,0.0,0.71808
73268,2,-0.16679,3.3184,0.0,0.71854
73278,2,-0.16679,3.3181,0.0,0.71901
73288,2,-0.16679,3.3175,0.0,0.71947
73298,2,-0.16679,3.3172,0.0,0.71993
73308,2,-0.16679,3.3165,0.0,0.7204
73318,2,-0.16679,3.3162,0.0,0.72086
73328,2,-0.16679,3.3156,0.0,0.72132
73338,2,-0.16679,3.3153,0.0,0.72179
73348,2,-0.16679,3.315,0.0,0.72225
73358,2,-0.16679,3.3144,0.0,0.72271
73368,2,-0.16679,3.3141,0.0,0.72318
73378,2,-0.16679,3.3134,0.0,0.72364
73388,2,-0.16679,3.3131,0.0,0.7241
73398,2,-0.16679,3.3125,0.0,0.72457
73408,2,-0.16679,3.3119,0.0,0.72503
73418,2,-0.16679,3.3116,0.0,0.72549
73428,2,-0.16679,3.3107,0.0,0.72596
73438,2,-0.16679,3.3103,0.0,0.72642
73448,2,-0.16679,3.3097,0.0,0.72688
73458,2,-0.16679,3.3094,0.0,0.72735
73468,2,-0.16679,3.3088,0.0,0.72781
73478,2,-0.16679,3.3085,0.0,0.72827
73488,2,-0.16679,3.3079,0.0,0.72874
73498,2,-0.16679,3.3076,0.0,0.7292
73508,2,-0.16679,3.3069,0.0,0.72966
73518,2,-0.16679,3.3063,0.0,0.73013
73528,2,-0.16679,3.306,0.0,0.73059
73538,2,-0.16679,3.3057,0.0,0.73105
73548,2,-0.16679,3.3051,0.0,0.73152
73558,2,-0.16679,3.3045,0.0,0.73198
73568,2,-0.16679,3.3041,0.0,0.73244
73578,2,-0.16679,3.3035,0.0,0.73291
73588,2,-0.16679,3.3029,0.0,0.73337
73598,2,-0.16679,3.3023,0.0,0.73383
73608,2,-0.16679,3.3017,0.0,0.7343
73618,2,-0.16679,3.3014,0.0,0.73476
73628,2,-0.16679,3.3007,0.0,0.73522
73638,2,-0.16679,3.3004,0.0,0.73569
73648,2,-0.16679,3.2998,0.0,0.73615
73658,2,-0.16679,3.2992,0.0,0.73661
73668,2,-0.16679,3.2989,0.0,0.73708
73678,2,-0.16679,3.2983,0.0,0.73754
73688,2,-0.16679,3.2976,0.0,0.738
73698,2,-0.16679,3.2973,0.0,0.73847
73708,2,-0.16679,3.2967,0.0,0.73893
73718,2,-0.16679,3.2964,0.0,0.73939
73728,2,-0.16679,3.2958,0.0,0.73986
73738,2,-0.16679,3.2952,0.0,0.74032
73748,2,-0.16679,3.2945,0.0,0.74078
73758,2,-0.16679,3.2939,0.0,0.74124
73768,2,-0.16679,3.2936,0.0,0.74171
73778,2,-0.16679,3.293,0.0,0.74217
73788,2,-0.16679,3.2924,0.0,0.74263
73798,2,-0.16679,3.2921,0.0,0.7431
73808,2,-0.16679,3.2914,0.0,0.74356
73818,2,-0.16679,3.2908,0.0,0.74402
73828,2,-0.16679,3.2905,0.0,0.74449
73838,2,-0.16679,3.2899,0.0,0.74495
73848,2,-0.16679,3.2893,0.0,0.74541
73858,2,-0.16679,3.289,0.0,0.74588
73868,2,-0.16679,3.2883,0.0,0.74634
73878,2,-0.16679,3.2874,0.0,0.7468
73888,2,-0.16679,3.2871,0.0,0.74727
73898,2,-0.16679,3.2865,0.0,0.74773
73908,2,-0.16679,3.2859,0.0,0.74819
73918,2,-0.16679,3.2855,0.0,0.74866
73928,2,-0.16679,3.2849,0.0,0.74912
73938,2,-0.16679,3.2843,0.0,0.74958
73948,2,-0.16679,3.2837,0.0,0.75005
73958,2,-0.16679,3.2834,0.0,0.75051
73968,2,-0.16679,3.2828,0.0,0.75097
73978,2,-0.16679,3.2821,0.0,0.75144
73988,2,-0.16679,3.2818,0.0,0.7519
73998,2,-0.16679,3.2812,0.0,0.75236
74008,2,-0.16679,3.2806,0.0,0.75283
74018,2,-0.16679,3.2796,0.0,0.75329
74028,2,-0.16679,3.2793,0.0,0.75375
74038,2,-0.16679,3.2787,0.0,0.75422
74048,2,-0.16679,3.2781,0.0,0.75468
74058,2,-0.16679,3.2775,0.0,0.75514
74068,2,-0.16679,3.2772,0.0,0.75561
74078,2,-0.16679,3.2765,0.0,0.75607
74088,2,-0.16679,3.2759,0.0,0.75653
74098,2,-0.16679,3.2753,0.0,0.757
74108,2,-0.16679,3.2747,0.0,0.75746
74118,2,-0.16679,3.2744,0.0,0.75792
74128,2,-0.16679,3.2738,0.0,0.75839
74138,2,-0.16679,3.2731,0.0,0.75885
74148,2,-0.16679,3.2728,0.0,0.75931
74158,2,-0.16679,3.2722,0.0,0.75978
74168,2,-0.16679,3.2713,0.0,0.76024
74178,2,-0.16679,3.2707,0.0,0.7607
74188,2,-0.16679,3.27,0.0,0.76117
74198,2,-0.16679,3.2697,0.0,0.76163
74208,2,-0.16679,3.2691,0.0,0.76209
74218,2,-0.16679,3.2685,0.0,0.76256
74228,2,-0.16679,3.2679,0.0,0.76302
74238,2,-0.16679,3.2672,0.0,0.76348
74248,2,-0.16679,3.2666,0.0,0.76395
74258,2,-0.16679,3.2663,0.0,0.76441
74268,2,-0.16679,3.2657,0.0,0.76487
74278,2,-0.16679,3.2651,0.0,0.76534
74288,2,-0.16679,3.2641,0.0,0.7658
74298,2,-0.16679,3.2635,0.0,0.76626
74308,2,-0.16679,3.2629,0.0,0.76673
74318,2,-0.16679,3.2626,0.0,0.76719
74328,2,-0.16679,3.262,0.0,0.76765
74338,2,-0.16679,3.2614,0.0,0.76812
74348,2,-0.16679,3.2607,0.0,0.76858
74358,2,-0.16679,3.2601,0.0,0.76904
74368,2,-0.16679,3.2595,0.0,0.76951
74378,2,-0.16679,3.2589,0.0,0.76997
74388,2,-0.16679,3.2583,0.0,0.77043
74398,2,-0.16679,3.2579,0.0,0.7709
74408,2,-0.16679,3.2573,0.0,0.77136
74418,2,-0.16679,3.2567,0.0,0.77182
74428,2,-0.16679,3.2558,0.0,0.77229
74438,2,-0.16679,3.2552,0.0,0.77275
74448,2,-0.16679,3.2545,0.0,0.77321
74458,2,-0.16679,3.2539,0.0,0.77368
74468,2,-0.16679,3.2533,0.0,0.77414
74478,2,-0.16679,3.2527,0.0,0.7746
74488,2,-0.16679,3.2521,0.0,0.77507
74498,2,-0.16679,3.2514,0.0,0.77553
74508,2,-0.16679,3.2511,0.0,0.77599
74518,2,-0.16679,3.2505,0.0,0.77646
74528,2,-0.16679,3.2499,0.0,0.77692
74538,2,-0.16679,3.2493,0.0,0.77738
74548,2,-0.16679,3.2483,0.0,0.77785
74558,2,-0.16679,3.2477,0.0,0.77831
74568,2,-0.16679,3.2471,0.0,0.77877
74578,2,-0.16679,3.2465,0.0,0.77924
74588,2,-0.16679,3.2459,0.0,0.7797
74598,2,-0.16679,3.2452,0.0,0.78016
74608,2,-0.16679,3.2446,0.0,0.78063
74618,2,-0.16679,3.244,0.0,0.78109
74628,2,-0.16679,3.2434,0.0,0.78155
74638,2,-0.16679,3.2428,0.0,0.78202
74648,2,-0.16679,3.2421,0.0,0.78248
74658,2,-0.16679,3.2415,0.0,0.78294
74668,2,-0.16679,3.2406,0.0,0.78341
74678,2,-0.16679,3.24,0.0,0.78387
74688,2,-0.16679,3.239,0.0,0.78433
74698,2,-0.16679,3.2387,0.0,0.7848
74708,2,-0.16679,3.2378,0.0,0.78526
74718,2,-0.16679,3.2375,0.0,0.78572
74728,2,-0.16679,3.2366,0.0,0.78619
74738,2,-0.16679,3.2359,0.0,0.78665
74748,2,-0.16679,3.2353,0.0,0.78711
74758,2,-0.16679,3.2347,0.0,0.78758
74768,2,-0.16679,3.2341,0.0,0.78804
74778,2,-0.16679,3.2335,0.0,0.7885
74788,2,-0.16679,3.2325,0.0,0.78897
74798,2,-0.16679,3.2319,0.0,0.78943
74808,2,-0.16679,3.2313,0.0,0.78989
74818,2,-0.16679,3.2307,0.0,0.79036
74828,2,-0.16679,3.23,0.0,0.79082
74838,2,-0.16679,3.2291,0.0,0.79128
74848,2,-0.16679,3.2285,0.0,0.79175
74858,2,-0.16679,3.2279,0.0,0.79221
74868,2,-0.16679,3.2273,0.0,0.79267
74878,2,-0.16679,3.2266,0.0,0.79314
74888,2,-0.16679,3.226,0.0,0.7936
74898,2,-0.16679,3.2251,0.0,0.79406
74908,2,-0.16679,3.2242,0.0,0.79453
74918,2,-0.16679,3.2235,0.0,0.79499
74928,2,-0.16679,3.2229,0.0,0.79545
74938,2,-0.16679,3.2223,0.0,0.79592
74948,2,-0.16679,3.2217,0.0,0.79638
74958,2,-0.16679,3.2211,0.0,0.79684
74968,2,-0.16679,3.2201,0.0,0.7973
74978,2,-0.16679,3.2195,0.0,0.79777
74988,2,-0.16679,3.2189,0.0,0.79823
74998,2,-0.16679,3.2183,0.0,0.79869
75008,2,-0.16679,3.2173,0.0,0.79916
75018,2,-0.16679,3.2164,0.0,0.79962
75028,2,-0.16679,3.2158,0.0,0.80008
75038,2,-0.16679,3.2152,0.0,0.80055
75048,2,-0.16679,3.2145,0.0,0.80101
75058,2,-0.16679,3.2136,0.0,0.80147
75068,2,-0.16679,3.213,0.0,0.80194
75078,2,-0.16679,3.2124,0.0,0.8024
75088,2,-0.16679,3.2114,0.0,0.80286
75098,2,-0.16679,3.2108,0.0,0.80333
75108,2,-0.16679,3.2102,0.0,0.80379
75118,2,-0.16679,3.2093,0.0,0.80425
75128,2,-0.16679,3.2083,0.0,0.80472
75138,2,-0.16679,3.2077,0.0,0.80518
75148,2,-0.16679,3.2071,0.0,0.80564
75158,2,-0.16679,3.2062,0.0,0.80611
75168,2,-0.16679,3.2056,0.0,0.80657
75178,2,-0.16679,3.2049,0.0,0.80703
75188,2,-0.16679,3.204,0.0,0.8075
75198,2,-0.16679,3.2034,0.0,0.80796
75208,2,-0.16679,3.2028,0.0,0.80842
75218,2,-0.16679,3.2015,0.0,0.80889
75228,2,-0.16679,3.2009,0.0,0.80935
75238,2,-0.16679,3.2003,0.0,0.80981
75248,2,-0.16679,3.1994,0.0,0.81028
75258,2,-0.16679,3.1987,0.0,0.81074
75268,2,-0.16679,3.1981,0.0,0.8112
75278,2,-0.16679,3.1972,0.0,0.81167
75288,2,-0.16679,3.1966,0.0,0.81213
75298,2,-0.16679,3.1956,0.0,0.81259
75308,2,-0.16679,3.195,0.0,0.81306
75318,2,-0.16679,3.1938,0.0,0.81352
75328,2,-0.16679,3.1932,0.0,0.81398
75338,2,-0.16679,3.1925,0.0,0.81445
75348,2,-0.16679,3.1916,0.0,0.81491
75358,2,-0.16679,3.191,0.0,0.81537
75368,2,-0.16679,3.1901,0.0,0.81584
75378,2,-0.16679,3.1894,0.0,0.8163
75388,2,-0.16679,3.1885,0.0,0.81676
75398,2,-0.16679,3.1879,0.0,0.81723
75408,2,-0.16679,3.187,0.0,0.81769
75418,2,-0.16679,3.186,0.0,0.81815
75428,2,-0.16679,3.1851,0.0,0.81862
75438,2,-0.16679,3.1845,0.0,0.81908
75448,2,-0.16679,3.1835,0.0,0.81954
75458,2,-0.16679,3.1829,0.0,0.82001
75468,2,-0.16679,3.182,0.0,0.82047
75478,2,-0.16679,3.1814,0.0,0.82093
75488,2,-0.16679,3.1804,0.0,0.8214
75498,2,-0.16679,3.1795,0.0,0.82186
75508,2,-0.16679,3.1789,0.0,0.82232
75518,2,-0.16679,3.1777,0.0,0.82279
75528,2,-0.16679,3.177,0.0,0.82325
75538,2,-0.16679,3.1761,0.0,0.82371
75548,2,-0.16679,3.1752,0.0,0.82418
75558,2,-0.16679,3.1746,0.0,0.82464
75568,2,-0.16679,3.1736,0.0,0.8251
75578,2,-0.16679,3.173,0.0,0.82557
75588,2,-0.16679,3.1721,0.0,0.82603
75598,2,-0.16679,3.1711,0.0,0.82649
75608,2,-0.16679,3.1702,0.0,0.82696
75618,2,-0.16679,3.1693,0.0,0.82742
75628,2,-0.16679,3.1684,0.0,0.82788
75638,2,-0.16679,3.1677,0.0,0.82835
75648,2,-0.16679,3.1668,0.0,0.82881
75658,2,-0.16679,3.1659,0.0,0.82927
75668,2,-0.16679,3.1653,0.0,0.82974
75678,2,-0.16679,3.1643,0.0,0.8302
75688,2,-0.16679,3.1634,0.0,0.83066
75698,2,-0.16679,3.1622,0.0,0.83113
75708,2,-0.16679,3.1615,0.0,0.83159
75718,2,-0.16679,3.1606,0.0,0.83205
75728,2,-0.16679,3.1597,0.0,0.83252
75738,2,-0.16679,3.1587,0.0,0.83298
75748,2,-0.16679,3.1578,0.0,0.83344
75758,2,-0.16679,3.1569,0.0,0.83391
75768,2,-0.16679,3.1563,0.0,0.83437
75778,2,-0.16679,3.155,0.0,0.83483
75788,2,-0.16679,3.1541,0.0,0.8353
75798,2,-0.16679,3.1532,0.0,0.83576
75808,2,-0.16679,3.1522,0.0,0.83622
75818,2,-0.16679,3.1513,0.0,0.83669
75828,2,-0.16679,3.1507,0.0,0.83715
75838,2,-0.16679,3.1498,0.0,0.83761
75848,2,-0.16679,3.1488,0.0,0.83808
75858,2,-0.16679,3.1479,0.0,0.83854
75868,2,-0.16679,3.1467,0.0,0.839
75878,2,-0.16679,3.1457,0.0,0.83947
75888,2,-0.16679,3.1448,0.0,0.83993
75898,2,-0.16679,3.1439,0.0,0.84039
75908,2,-0.16679,3.1429,0.0,0.84086
75918,2,-0.16679,3.142,0.0,0.84132
75928,2,-0.16679,3.1411,0.0,0.84178
75938,2,-0.16679,3.1401,0.0,0.84225
75948,2,-0.16679,3.1389,0.0,0.84271
75958,2,-0.16679,3.138,0.0,0.84317
75968,2,-0.16679,3.137,0.0,0.84364
75978,2,-0.16679,3.1361,0.0,0.8441
75988,2,-0.16679,3.1352,0.0,0.84456
75998,2,-0.16679,3.1343,0.0,0.84503
76008,2,-0.16679,3.1333,0.0,0.84549
76018,2,-0.16679,3.1324,0.0,0.84595
76028,2,-0.16679,3.1312,0.0,0.84642
76038,2,-0.16679,3.1302,0.0,0.84688
76048,2,-0.16679,3.1293,0.0,0.84734
76058,2,-0.16679,3.1281,0.0,0.84781
76068,2,-0.16679,3.1271,0.0,0.84827
76078,2,-0.16679,3.1262,0.0,0.84873
76088,2,-0.16679,3.1253,0.0,0.8492
76098,2,-0.16679,3.124,0.0,0.84966
76108,2,-0.16679,3.1228,0.0,0.85012
76118,2,-0.16679,3.1218,0.0,0.85059
76128,2,-0.16679,3.1209,0.0,0.85105
76138,2,-0.16679,3.12,0.0,0.85151
76148,2,-0.16679,3.1187,0.0,0.85198
76158,2,-0.16679,3.1178,0.0,0.85244
76168,2,-0.16679,3.1169,0.0,0.8529
76178,2,-0.16679,3.1156,0.0,0.85336
76188,2,-0.16679,3.1144,0.0,0.85383
76198,2,-0.16679,3.1135,0.0,0.85429
76208,2,-0.16679,3.1125,0.0,0.85475
76218,2,-0.16679,3.1113,0.0,0.85522
76228,2,-0.16679,3.1104,0.0,0.85568
76238,2,-0.16679,3.1094,0.0,0.85614
76248,2,-0.16679,3.1079,0.0,0.85661
76258,2,-0.16679,3.107,0.0,0.85707
76268,2,-0.16679,3.1057,0.0,0.85753
76278,2,-0.16679,3.1048,0.0,0.858
76288,2,-0.16679,3.1036,0.0,0.85846
76298,2,-0.16679,3.1026,0.0,0.85892
76308,2,-0.16679,3.1014,0.0,0.85939
76318,2,-0.16679,3.1001,0.0,0.85985
76328,2,-0.16679,3.0989,0.0,0.86031
76338,2,-0.16679,3.098,0.0,0.86078
76348,2,-0.16679,3.0967,0.0,0.86124
76358,2,-0.16679,3.0958,0.0,0.8617
76368,2,-0.16679,3.0946,0.0,0.86217
76378,2,-0.16679,3.0933,0.0,0.86263
76388,2,-0.16679,3.0921,0.0,0.86309
76398,2,-0.16679,3.0908,0.0,0.86356
76408,2,-0.16679,3.0899,0.0,0.86402
76418,2,-0.16679,3.0887,0.0,0.86448
76428,2,-0.16679,3.0874,0.0,0.86495
76438,2,-0.16679,3.0862,0.0,0.86541
76448,2,-0.16679,3.085,0.0,0.86587
76458,2,-0.16679,3.0837,0.0,0.86634
76468,2,-0.16679,3.0825,0.0,0.8668
76478,2,-0.16679,3.0812,0.0,0.86726
76488,2,-0.16679,3.0803,0.0,0.86773
76498,2,-0.16679,3.0791,0.0,0.86819
76508,2,-0.16679,3.0778,0.0,0.86865
76518,2,-0.16679,3.0763,0.0,0.86912
76528,2,-0.16679,3.075,0.0,0.86958
76538,2,-0.16679,3.0738,0.0,0.87004
76548,2,-0.16679,3.0726,0.0,0.87051
76558,2,-0.16679,3.0713,0.0,0.87097
76568,2,-0.16679,3.0701,0.0,0.87143
76578,2,-0.16679,3.0685,0.0,0.8719
76588,2,-0.16679,3.0673,0.0,0.87236
76598,2,-0.16679,3.066,0.0,0.87282
76608,2,-0.16679,3.0648,0.0,0.87329
76618,2,-0.16679,3.0636,0.0,0.87375
76628,2,-0.16679,3.0623,0.0,0.87421
76638,2,-0.16679,3.0608,0.0,0.87468
76648,2,-0.16679,3.0595,0.0,0.87514
76658,2,-0.16679,3.0583,0.0,0.8756
76668,2,-0.16679,3.0567,0.0,0.87607
76678,2,-0.16679,3.0555,0.0,0.87653
76688,2,-0.16679,3.054,0.0,0.87699
76698,2,-0.16679,3.0527,0.0,0.87746
76708,2,-0.16679,3.0512,0.0,0.87792
76718,2,-0.16679,3.0499,0.0,0.87838
76728,2,-0.16679,3.0487,0.0,0.87885
76738,2,-0.16679,3.0474,0.0,0.87931
76748,2,-0.16679,3.0456,0.0,0.87977
76758,2,-0.16679,3.0443,0.0,0.88024
76768,2,-0.16679,3.0428,0.0,0.8807
76778,2,-0.16679,3.0416,0.0,0.88116
76788,2,-0.16679,3.04,0.0,0.88163
76798,2,-0.16679,3.0388,0.0,0.88209
76808,2,-0.16679,3.0369,0.0,0.88255
76818,2,-0.16679,3.0357,0.0,0.88302
76828,2,-0.16679,3.0341,0.0,0.88348
76838,2,-0.16679,3.0326,0.0,0.88394
76848,2,-0.16679,3.0313,0.0,0.88441
76858,2,-0.16679,3.0295,0.0,0.88487
76868,2,-0.16679,3.0279,0.0,0.88533
76878,2,-0.16679,3.0264,0.0,0.8858
76888,2,-0.16679,3.0251,0.0,0.88626
76898,2,-0.16679,3.0236,0.0,0.88672
76908,2,-0.16679,3.0217,0.0,0.88719
76918,2,-0.16679,3.0202,0.0,0.88765
76928,2,-0.16679,3.0186,0.0,0.88811
76938,2,-0.16679,3.0171,0.0,0.88858
76948,2,-0.16679,3.0155,0.0,0.88904
76958,2,-0.16679,3.0137,0.0,0.8895
76968,2,-0.16679,3.0121,0.0,0.88997
76978,2,-0.16679,3.0106,0.0,0.89043
76988,2,-0.16679,3.009,0.0,0.89089
76998,2,-0.16679,3.0071,0.0,0.89136
77008,2,-0.16679,3.0056,0.0,0.89182
77018,2,-0.16679,3.004,0.0,0.89228
77028,2,-0.16679,3.0022,0.0,0.89275
77038,2,-0.16679,3.0006,0.0,0.89321
77048,2,-0.16679,2.9988,0.0,0.89367
77058,2,-0.16679,2.9969,0.0,0.89414
77068,2,-0.16679,2.9954,0.0,0.8946
77078,2,-0.16679,2.9935,0.0,0.89506
77088,2,-0.16679,2.9916,0.0,0.89553
77098,2,-0.16679,2.9898,0.0,0.89599
77108,2,-0.16679,2.9882,0.0,0.89645
77118,2,-0.16679,2.9864,0.0,0.89692
77128,2,-0.16679,2.9848,0.0,0.89738
77138,2,-0.16679,2.9827,0.0,0.89784
77148,2,-0.16679,2.9808,0.0,0.89831
77158,2,-0.16679,2.9789,0.0,0.89877
77168,2,-0.16679,2.9774,0.0,0.89923
77178,2,-0.16679,2.9749,0.0,0.8997
77188,2,-0.16679,2.9734,0.0,0.90016
77198,2,-0.16679,2.9712,0.0,0.90062
77208,2,-0.16679,2.9696,0.0,0.90109
77218,2,-0.16679,2.9671,0.0,0.90155
77228,2,-0.16679,2.9653,0.0,0.90201
77238,2,-0.16679,2.9634,0.0,0.90248
77248,2,-0.16679,2.9616,0.0,0.90294
77258,2,-0.16679,2.9591,0.0,0.9034
77268,2,-0.16679,2.9572,0.0,0.90387
77278,2,-0.16679,2.9551,0.0,0.90433
77288,2,-0.16679,2.9532,0.0,0.90479
77298,2,-0.16679,2.9507,0.0,0.90526
77308,2,-0.16679,2.9489,0.0,0.90572
77318,2,-0.16679,2.9467,0.0,0.90618
77328,2,-0.16679,2.9442,0.0,0.90664
77338,2,-0.16679,2.942,0.0,0.90711
77348,2,-0.16679,2.9399,0.0,0.90757
77358,2,-0.16679,2.9377,0.0,0.90804
77368,2,-0.16679,2.9352,0.0,0.9085
77378,2,-0.16679,2.9327,0.0,0.90896
77388,2,-0.16679,2.9306,0.0,0.90942
77398,2,-0.16679,2.9278,0.0,0.90989
77408,2,-0.16679,2.9256,0.0,0.91035
77418,2,-0.16679,2.9231,0.0,0.91081
77428,2,-0.16679,2.9203,0.0,0.91128
77438,2,-0.16679,2.9179,0.0,0.91174
77448,2,-0.16679,2.9154,0.0,0.9122
77458,2,-0.16679,2.9126,0.0,0.91267
77468,2,-0.16679,2.9101,0.0,0.91313
77478,2,-0.16679,2.9073,0.0,0.91359
77488,2,-0.16679,2.9042,0.0,0.91406
77498,2,-0.16679,2.9017,0.0,0.91452
77508,2,-0.16679,2.8983,0.0,0.91498
77518,2,-0.16679,2.8955,0.0,0.91545
77528,2,-0.16679,2.8927,0.0,0.91591
77538,2,-0.16679,2.8893,0.0,0.91637
77548,2,-0.16679,2.8862,0.0,0.91684
77558,2,-0.16679,2.8831,0.0,0.9173
77568,2,-0.16679,2.8797,0.0,0.91776
77578,2,-0.16679,2.8763,0.0,0.91823
77588,2,-0.16679,2.8729,0.0,0.91869
77598,2,-0.16679,2.8695,0.0,0.91915
77608,2,-0.16679,2.8655,0.0,0.91962
77618,2,-0.16679,2.8621,0.0,0.92008
77628,2,-0.16679,2.858,0.0,0.92054
77638,2,-0.16679,2.8543,0.0,0.92101
77648,2,-0.16679,2.85,0.0,0.92147
77658,2,-0.16679,2.8459,0.0,0.92193
77668,2,-0.16679,2.8416,0.0,0.9224
77678,2,-0.16679,2.8376,0.0,0.92286
77688,2,-0.16679,2.8329,0.0,0.92332
77698,2,-0.16679,2.8283,0.0,0.92379
77708,2,-0.16679,2.8239,0.0,0.92425
77718,2,-0.16679,2.8193,0.0,0.92471
77728,2,-0.16679,2.8146,0.0,0.92518
77738,2,-0.16679,2.8093,0.0,0.92564
77748,2,-0.16679,2.8044,0.0,0.9261
77758,2,-0.16679,2.7994,0.0,0.92657
77768,2,-0.16679,2.7938,0.0,0.92703
77778,2,-0.16679,2.7886,0.0,0.92749
77788,2,-0.16679,2.783,0.0,0.92796
77798,2,-0.16679,2.7771,0.0,0.92842
77808,2,-0.16679,2.7712,0.0,0.92888
77818,2,-0.16679,2.7653,0.0,0.92935
77828,2,-0.16679,2.7591,0.0,0.92981
77838,2,-0.16679,2.7526,0.0,0.93027
77842,2,-0.16679,2.7498,0.0,0.93045
77842,3,0.0,2.7542,0.0,0.0
77852,3,0.0,2.7613,0.0,0.0
77862,3,0.0,2.765,0.0,0.0
77872,3,0.0,2.7684,0.0,0.0
77882,3,0.0,2.7709,0.0,0.0
77892,3,0.0,2.7734,0.0,0.0
77902,3,0.0,2.7759,0.0,0.0
77912,3,0.0,2.7777,0.0,0.0
77922,3,0.0,2.7799,0.0,0.0
77932,3,0.0,2.7814,0.0,0.0
77942,3,0.0,2.7836,0.0,0.0
77952,3,0.0,2.7852,0.0,0.0
77962,3,0.0,2.7867,0.0,0.0
77972,3,0.0,2.7883,0.0,0.0
77982,3,0.0,2.7901,0.0,0.0
77992,3,0.0,2.7914,0.0,0.0
78002,3,0.0,2.7929,0.0,0.0
78012,3,0.0,2.7942,0.0,0.0
78022,3,0.0,2.7954,0.0,0.0
78032,3,0.0,2.7966,0.0,0.0
78042,3,0.0,2.7982,0.0,0.0
78052,3,0.0,2.7994,0.0,0.0
78062,3,0.0,2.8007,0.0,0.0
78072,3,0.0,2.8016,0.0,0.0
78082,3,0.0,2.8028,0.0,0.0
78092,3,0.0,2.8041,0.0,0.0
78102,3,0.0,2.8053,0.0,0.0
78112,3,0.0,2.8062,0.0,0.0
78122,3,0.0,2.8075,0.0,0.0
78132,3,0.0,2.8084,0.0,0.0
78142,3,0.0,2.8093,0.0,0.0
78152,3,0.0,2.8103,0.0,0.0
78162,3,0.0,2.8112,0.0,0.0
78172,3,0.0,2.8121,0.0,0.0
78182,3,0.0,2.8134,0.0,0.0
78192,3,0.0,2.8143,0.0,0.0
78202,3,0.0,2.8152,0.0,0.0
78212,3,0.0,2.8162,0.0,0.0
78222,3,0.0,2.8171,0.0,0.0
78232,3,0.0,2.818,0.0,0.0
78242,3,0.0,2.8187,0.0,0.0
78252,3,0.0,2.8196,0.0,0.0
78262,3,0.0,2.8208,0.0,0.0
78272,3,0.0,2.8214,0.0,0.0
78282,3,0.0,2.8224,0.0,0.0
78292,3,0.0,2.8233,0.0,0.0
78302,3,0.0,2.8239,0.0,0.0
78312,3,0.0,2.8249,0.0,0.0
78322,3,0.0,2.8255,0.0,0.0
78332,3,0.0,2.8264,0.0,0.0
78342,3,0.0,2.827,0.0,0.0
78352,3,0.0,2.8276,0.0,0.0
78362,3,0.0,2.8289,0.0,0.0
78372,3,0.0,2.8295,0.0,0.0
78382,3,0.0,2.8301,0.0,0.0
78392,3,0.0,2.8307,0.0,0.0
78402,3,0.0,2.8314,0.0,0.0
78412,3,0.0,2.8323,0.0,0.0
78422,3,0.0,2.8329,0.0,0.0
78432,3,0.0,2.8335,0.0,0.0
78442,3,0.0,2.8345,0.0,0.0
78452,3,0.0,2.8351,0.0,0.0
78462,3,0.0,2.8357,0.0,0.0
78472,3,0.0,2.8366,0.0,0.0
78482,3,0.0,2.8373,0.0,0.0
78492,3,0.0,2.8379,0.0,0.0
78502,3,0.0,2.8385,0.0,0.0
78512,3,0.0,2.8391,0.0,0.0
78522,3,0.0,2.8397,0.0,0.0
78532,3,0.0,2.8404,0.0,0.0
78542,3,0.0,2.841,0.0,0.0
78552,3,0.0,2.8416,0.0,0.0
78562,3,0.0,2.8422,0.0,0.0
78572,3,0.0,2.8428,0.0,0.0
78582,3,0.0,2.8435,0.0,0.0
78592,3,0.0,2.8444,0.0,0.0
78602,3,0.0,2.845,0.0,0.0
78612,3,0.0,2.8453,0.0,0.0
78622,3,0.0,2.8459,0.0,0.0
78632,3,0.0,2.8466,0.0,0.0
78642,3,0.0,2.8472,0.0,0.0
78652,3,0.0,2.8478,0.0,0.0
78662,3,0.0,2.8484,0.0,0.0
78672,3,0.0,2.849,0.0,0.0
78682,3,0.0,2.8493,0.0,0.0
78692,3,0.0,2.85,0.0,0.0
78702,3,0.0,2.8506,0.0,0.0
78712,3,0.0,2.8509,0.0,0.0
78722,3,0.0,2.8515,0.0,0.0
78732,3,0.0,2.8524,0.0,0.0
78742,3,0.0,2.8531,0.0,0.0
78752,3,0.0,2.8534,0.0,0.0
78762,3,0.0,2.854,0.0,0.0
78772,3,0.0,2.8543,0.0,0.0
78782,3,0.0,2.8549,0.0,0.0
78792,3,0.0,2.8555,0.0,0.0
78802,3,0.0,2.8559,0.0,0.0
78812,3,0.0,2.8565,0.0,0.0
78822,3,0.0,2.8571,0.0,0.0
78832,3,0.0,2.8574,0.0,0.0
78842,3,0.0,2.858,0.0,0.0
78852,3,0.0,2.8583,0.0,0.0
78862,3,0.0,2.859,0.0,0.0
78872,3,0.0,2.8593,0.0,0.0
78882,3,0.0,2.8602,0.0,0.0
78892,3,0.0,2.8605,0.0,0.0
78902,3,0.0,2.8611,0.0,0.0
78912,3,0.0,2.8614,0.0,0.0
78922,3,0.0,2.8617,0.0,0.0
78932,3,0.0,2.8624,0.0,0.0
78942,3,0.0,2.863,0.0,0.0
78952,3,0.0,2.8633,0.0,0.0
78962,3,0.0,2.8639,0.0,0.0
78972,3,0.0,2.8642,0.0,0.0
78982,3,0.0,2.8645,0.0,0.0
78992,3,0.0,2.8652,0.0,0.0
79002,3,0.0,2.8655,0.0,0.0
79012,3,0.0,2.8661,0.0,0.0
79022,3,0.0,2.8664,0.0,0.0
79032,3,0.0,2.8667,0.0,0.0
79042,3,0.0,2.867,0.0,0.0
79052,3,0.0,2.8679,0.0,0.0
79062,3,0.0,2.8683,0.0,0.0
79072,3,0.0,2.8689,0.0,0.0
79082,3,0.0,2.8692,0.0,0.0
79092,3,0.0,2.8695,0.0,0.0
79102,3,0.0,2.8701,0.0,0.0
79112,3,0.0,2.8704,0.0,0.0
79122,3,0.0,2.8707,0.0,0.0
79132,3,0.0,2.8714,0.0,0.0
79142,3,0.0,2.8717,0.0,0.0
79152,3,0.0,2.872,0.0,0.0
79162,3,0.0,2.8723,0.0,0.0
79172,3,0.0,2.8729,0.0,0.0
79182,3,0.0,2.8732,0.0,0.0
79192,3,0.0,2.8735,0.0,0.0
79202,3,0.0,2.8738,0.0,0.0
79212,3,0.0,2.8745,0.0,0.0
79222,3,0.0,2.8748,0.0,0.0
79232,3,0.0,2.8754,0.0,0.0
79242,3,0.0,2.8757,0.0,0.0
79252,3,0.0,2.8763,0.0,0.0
79262,3,0.0,2.8766,0.0,0.0
79272,3,0.0,2.8769,0.0,0.0
79282,3,0.0,2.8772,0.0,0.0
79292,3,0.0,2.8776,0.0,0.0
79302,3,0.0,2.8779,0.0,0.0
79312,3,0.0,2.8785,0.0,0.0
79322,3,0.0,2.8788,0.0,0.0
79332,3,0.0,2.8791,0.0,0.0
79342,3,0.0,2.8794,0.0,0.0
79352,3,0.0,2.8797,0.0,0.0
79362,3,0.0,2.88,0.0,0.0
79372,3,0.0,2.8803,0.0,0.0
79382,3,0.0,2.881,0.0,0.0
79392,3,0.0,2.8813,0.0,0.0
79402,3,0.0,2.8816,0.0,0.0
79412,3,0.0,2.8819,0.0,0.0
79422,3,0.0,2.8822,0.0,0.0
79432,3,0.0,2.8825,0.0,0.0
79442,3,0.0,2.8831,0.0,0.0
79452,3,0.0,2.8834,0.0,0.0
79462,3,0.0,2.8838,0.0,0.0
79472,3,0.0,2.8844,0.0,0.0
79482,3,0.0,2.8847,0.0,0.0
79492,3,0.0,2.885,0.0,0.0
79502,3,0.0,2.8853,0.0,0.0
79512,3,0.0,2.8856,0.0,0.0
79522,3,0.0,2.8859,0.0,0.0
79532,3,0.0,2.8862,0.0,0.0
79542,3,0.0,2.8865,0.0,0.0
79552,3,0.0,2.8869,0.0,0.0
79562,3,0.0,2.8872,0.0,0.0
79572,3,0.0,2.8875,0.0,0.0
79582,3,0.0,2.8878,0.0,0.0
79592,3,0.0,2.8881,0.0,0.0
79602,3,0.0,2.8884,0.0,0.0
79612,3,0.0,2.8887,0.0,0.0
79622,3,0.0,2.889,0.0,0.0
79632,3,0.0,2.8893,0.0,0.0
79642,3,0.0,2.8896,0.0,0.0
79652,3,0.0,2.89,0.0,0.0
79662,3,0.0,2.8903,0.0,0.0
79672,3,0.0,2.8906,0.0,0.0
79682,3,0.0,2.8912,0.0,0.0
79692,3,0.0,2.8915,0.0,0.0
79702,3,0.0,2.8918,0.0,0.0
79712,3,0.0,2.8921,0.0,0.0
79722,3,0.0,2.8924,0.0,0.0
79732,3,0.0,2.8927,0.0,0.0
79742,3,0.0,2.8931,0.0,0.0
79752,3,0.0,2.8934,0.0,0.0
79762,3,0.0,2.8937,0.0,0.0
79772,3,0.0,2.894,0.0,0.0
79782,3,0.0,2.894,0.0,0.0
79792,3,0.0,2.8943,0.0,0.0
79802,3,0.0,2.8949,0.0,0.0
79812,3,0.0,2.8949,0.0,0.0
79822,3,0.0,2.8952,0.0,0.0
79832,3,0.0,2.8955,0.0,0.0
79842,3,0.0,2.8958,0.0,0.0
79852,3,0.0,2.8962,0.0,0.0
79862,3,0.0,2.8965,0.0,0.0
79872,3,0.0,2.8968,0.0,0.0
79882,3,0.0,2.8968,0.0,0.0
79892,3,0.0,2.8974,0.0,0.0
79902,3,0.0,2.8977,0.0,0.0
79912,3,0.0,2.8977,0.0,0.0
79922,3,0.0,2.898,0.0,0.0
79932,3,0.0,2.8983,0.0,0.0
79942,3,0.0,2.8989,0.0,0.0
79952,3,0.0,2.8993,0.0,0.0
79962,3,0.0,2.8996,0.0,0.0
79972,3,0.0,2.8996,0.0,0.0
79982,3,0.0,2.8999,0.0,0.0
79992,3,0.0,2.9002,0.0,0.0
80002,3,0.0,2.9005,0.0,0.0
80012,3,0.0,2.9008,0.0,0.0
80022,3,0.0,2.9011,0.0,0.0
80032,3,0.0,2.9014,0.0,0.0
80042,3,0.0,2.9014,0.0,0.0
80052,3,0.0,2.9017,0.0,0.0
80062,3,0.0,2.902,0.0,0.0
80072,3,0.0,2.9024,0.0,0.0
80082,3,0.0,2.9027,0.0,0.0
80092,3,0.0,2.9027,0.0,0.0
80102,3,0.0,2.903,0.0,0.0
80112,3,0.0,2.9033,0.0,0.0
80122,3,0.0,2.9036,0.0,0.0
80132,3,0.0,2.9039,0.0,0.0
80142,3,0.0,2.9042,0.0,0.0
80152,3,0.0,2.9045,0.0,0.0
80162,3,0.0,2.9045,0.0,0.0
80172,3,0.0,2.9048,0.0,0.0
80182,3,0.0,2.9051,0.0,0.0
80192,3,0.0,2.9055,0.0,0.0
80202,3,0.0,2.9055,0.0,0.0
80212,3,0.0,2.9058,0.0,0.0
80222,3,0.0,2.9061,0.0,0.0
80232,3,0.0,2.9067,0.0,0.0
80242,3,0.0,2.9067,0.0,0.0
80252,3,0.0,2.907,0.0,0.0
80262,3,0.0,2.9073,0.0,0.0
80272,3,0.0,2.9076,0.0,0.0
80282,3,0.0,2.9079,0.0,0.0
80292,3,0.0,2.9079,0.0,0.0
80302,3,0.0,2.9082,0.0,0.0
80312,3,0.0,2.9086,0.0,0.0
80322,3,0.0,2.9089,0.0,0.0
80332,3,0.0,2.9089,0.0,0.0
80342,3,0.0,2.9092,0.0,0.0
80352,3,0.0,2.9095,0.0,0.0
80362,3,0.0,2.9098,0.0,0.0
80372,3,0.0,2.9101,0.0,0.0
80382,3,0.0,2.9101,0.0,0.0
80392,3,0.0,2.9104,0.0,0.0
80402,3,0.0,2.9107,0.0,0.0
80412,3,0.0,2.9107,0.0,0.0
80422,3,0.0,2.911,0.0,0.0
80432,3,0.0,2.9113,0.0,0.0
80442,3,0.0,2.9117,0.0,0.0
80452,3,0.0,2.9117,0.0,0.0
80462,3,0.0,2.912,0.0,0.0
80472,3,0.0,2.912,0.0,0.0
80482,3,0.0,2.9123,0.0,0.0
80492,3,0.0,2.9126,0.0,0.0
80502,3,0.0,2.9126,0.0,0.0
80512,3,0.0,2.9129,0.0,0.0
80522,3,0.0,2.9132,0.0,0.0
80532,3,0.0,2.9135,0.0,0.0
80542,3,0.0,2.9138,0.0,0.0
80552,3,0.0,2.9138,0.0,0.0
80562,3,0.0,2.9144,0.0,0.0
80572,3,0.0,2.9148,0.0,0.0
80582,3,0.0,2.9151,0.0,0.0
80592,3,0.0,2.9151,0.0,0.0
80602,3,0.0,2.9154,0.0,0.0
80612,3,0.0,2.9154,0.0,0.0
80622,3,0.0,2.9157,0.0,0.0
80632,3,0.0,2.916,0.0,0.0
80642,3,0.0,2.9163,0.0,0.0
80652,3,0.0,2.9163,0.0,0.0
80662,3,0.0,2.9166,0.0,0.0
80672,3,0.0,2.9169,0.0,0.0
80682,3,0.0,2.9169,0.0,0.0
80692,3,0.0,2.9172,0.0,0.0
80702,3,0.0,2.9175,0.0,0.0
80712,3,0.0,2.9175,0.0,0.0
80722,3,0.0,2.9179,0.0,0.0
80732,3,0.0,2.9179,0.0,0.0
80742,3,0.0,2.9182,0.0,0.0
80752,3,0.0,2.9185,0.0,0.0
80762,3,0.0,2.9185,0.0,0.0
80772,3,0.0,2.9188,0.0,0.0
80782,3,0.0,2.9191,0.0,0.0
80792,3,0.0,2.9191,0.0,0.0
80802,3,0.0,2.9194,0.0,0.0
80812,3,0.0,2.9197,0.0,0.0
80822,3,0.0,2.9197,0.0,0.0
80832,3,0.0,2.92,0.0,0.0
80842,3,0.0,2.92,0.0,0.0
80852,3,0.0,2.9203,0.0,0.0
80862,3,0.0,2.9206,0.0,0.0
80872,3,0.0,2.9206,0.0,0.0
80882,3,0.0,2.921,0.0,0.0
80892,3,0.0,2.9213,0.0,0.0
80902,3,0.0,2.9213,0.0,0.0
80912,3,0.0,2.9216,0.0,0.0
80922,3,0.0,2.9222,0.0,0.0
80932,3,0.0,2.9222,0.0,0.0
80942,3,0.0,2.9225,0.0,0.0
80952,3,0.0,2.9225,0.0,0.0
80962,3,0.0,2.9228,0.0,0.0
80972,3,0.0,2.9231,0.0,0.0
80982,3,0.0,2.9231,0.0,0.0
80992,3,0.0,2.9234,0.0,0.0
81002,3,0.0,2.9234,0.0,0.0
81012,3,0.0,2.9237,0.0,0.0
81022,3,0.0,2.9241,0.0,0.0
81032,3,0.0,2.9241,0.0,0.0
81042,3,0.0,2.9244,0.0,0.0
81052,3,0.0,2.9244,0.0,0.0
81062,3,0.0,2.9247,0.0,0.0
81072,3,0.0,2.925,0.0,0.0
81082,3,0.0,2.925,0.0,0.0
81092,3,0.0,2.9253,0.0,0.0
81102,3,0.0,2.9256,0.0,0.0
81112,3,0.0,2.9256,0.0,0.0
81122,3,0.0,2.9259,0.0,0.0
81132,3,0.0,2.9259,0.0,0.0
81142,3,0.0,2.9262,0.0,0.0
81152,3,0.0,2.9265,0.0,0.0
81162,3,0.0,2.9265,0.0,0.0
81172,3,0.0,2.9268,0.0,0.0
81182,3,0.0,2.9268,0.0,0.0
81192,3,0.0,2.9272,0.0,0.0
81202,3,0.0,2.9272,0.0,0.0
81212,3,0.0,2.9275,0.0,0.0
81222,3,0.0,2.9275,0.0,0.0
81232,3,0.0,2.9278,0.0,0.0
81242,3,0.0,2.9281,0.0,0.0
81252,3,0.0,2.9281,0.0,0.0
81262,3,0.0,2.9281,0.0,0.0
81272,3,0.0,2.9284,0.0,0.0
81282,3,0.0,2.9287,0.0,0.0
81292,3,0.0,2.9287,0.0,0.0
81302,3,0.0,2.929,0.0,0.0
81312,3,0.0,2.9293,0.0,0.0
81322,3,0.0,2.9293,0.0,0.0
81332,3,0.0,2.9299,0.0,0.0
81342,3,0.0,2.9299,0.0,0.0
81352,3,0.0,2.9303,0.0,0.0
81362,3,0.0,2.9303,0.0,0.0
81372,3,0.0,2.9306,0.0,0.0
81382,3,0.0,2.9306,0.0,0.0
81392,3,0.0,2.9309,0.0,0.0
81402,3,0.0,2.9312,0.0,0.0
81412,3,0.0,2.9312,0.0,0.0
81422,3,0.0,2.9315,0.0,0.0
81432,3,0.0,2.9315,0.0,0.0
81442,3,0.0,2.9318,0.0,0.0
